,age,hours_per_week,income,workclass_Other/Unknown,workclass_Private,workclass_Self-Employed,marital_status_Married,marital_status_Separated,marital_status_Single,marital_status_Widowed,education_Bachelors,education_Doctorate,education_HS-grad,education_Masters,education_Prof-school,education_School,education_Some-college,occupation_Other/Unknown,occupation_Professional,occupation_Sales,occupation_Service,occupation_White-Collar
3088,43,55,1,0,0,1,1,0,0,0,0,0,0,0,0,0,1,0,0,1,0,0
3709,47,40,1,0,0,0,1,0,0,0,1,0,0,0,0,0,0,0,0,0,0,1
25468,28,40,0,0,1,0,0,0,0,0,0,0,1,0,0,0,0,0,0,0,0,1
21515,47,35,1,0,0,0,1,0,0,0,0,0,0,1,0,0,0,0,1,0,0,0
565,41,40,1,0,0,0,1,0,0,0,1,0,0,0,0,0,0,0,0,0,0,1
23315,39,40,1,0,1,0,1,0,0,0,1,0,0,0,0,0,0,0,0,0,0,1
1008,36,35,0,0,0,1,0,0,0,0,0,0,0,0,0,0,0,0,0,1,0,0
5807,52,40,0,1,0,0,1,0,0,0,0,0,1,0,0,0,0,1,0,0,0,0
19347,23,48,0,0,1,0,0,0,1,0,0,0,0,0,0,0,1,0,0,0,1,0
19933,67,55,1,0,1,0,1,0,0,0,0,0,0,1,0,0,0,0,0,0,0,1
942,44,45,0,0,1,0,0,0,1,0,1,0,0,0,0,0,0,0,1,0,0,0
8226,36,45,1,0,1,0,1,0,0,0,1,0,0,0,0,0,0,0,1,0,0,0
17302,22,40,1,0,1,0,0,0,1,0,1,0,0,0,0,0,0,0,1,0,0,0
21874,18,35,0,1,0,0,0,0,1,0,0,0,1,0,0,0,0,1,0,0,0,0
25101,30,40,1,0,1,0,1,0,0,0,0,0,0,1,0,0,0,0,0,0,0,1
17121,33,40,0,0,1,0,1,0,0,0,0,0,1,0,0,0,0,0,0,0,0,0
19072,43,45,1,0,1,0,1,0,0,0,0,0,0,0,0,0,1,0,0,0,0,0
3365,38,45,0,0,0,1,0,0,0,0,0,0,0,0,0,0,0,0,0,0,0,1
43,59,40,0,0,1,0,1,0,0,0,0,0,1,0,0,0,0,0,0,0,0,0
15705,21,40,0,0,1,0,0,0,1,0,0,0,0,0,0,0,0,0,0,0,1,0
2785,44,30,0,0,1,0,0,0,1,0,0,0,1,0,0,0,0,0,0,0,0,0
16341,45,30,0,0,0,1,0,0,0,0,0,0,0,0,0,0,1,0,0,0,0,0
5001,27,45,0,0,1,0,1,0,0,0,0,0,1,0,0,0,0,0,0,1,0,0
17737,21,30,0,0,1,0,0,0,1,0,0,0,1,0,0,0,0,0,0,0,0,1
5383,41,40,1,0,1,0,1,0,0,0,1,0,0,0,0,0,0,0,0,0,0,1
7588,32,60,1,0,1,0,1,0,0,0,0,0,0,0,0,0,0,0,0,0,1,0
21029,26,40,0,0,1,0,1,0,0,0,0,0,0,0,0,1,0,0,0,0,0,0
2844,39,40,0,0,1,0,0,0,0,0,0,0,1,0,0,0,0,0,0,0,1,0
2193,49,20,1,0,1,0,1,0,0,0,1,0,0,0,0,0,0,0,1,0,0,0
23841,52,45,0,0,0,0,0,0,0,0,0,0,1,0,0,0,0,0,0,0,0,1
17274,52,56,1,0,1,0,1,0,0,0,0,0,0,0,0,1,0,0,0,0,0,0
6741,64,40,1,0,0,0,0,0,0,0,0,0,1,0,0,0,0,0,0,0,0,0
16255,35,40,1,0,1,0,1,0,0,0,0,0,1,0,0,0,0,0,0,0,0,1
20650,37,45,1,0,1,0,1,0,0,0,0,0,0,0,0,0,1,0,0,1,0,0
13661,43,40,0,0,0,0,1,0,0,0,1,0,0,0,0,0,0,0,1,0,0,0
1214,52,40,1,0,0,0,1,0,0,0,0,0,0,0,0,0,0,0,0,0,1,0
7574,60,40,1,0,1,0,1,0,0,0,0,0,1,0,0,0,0,0,0,0,1,0
12295,18,35,0,0,1,0,0,0,1,0,0,0,0,0,0,1,0,0,0,0,1,0
5717,52,40,1,0,1,0,1,0,0,0,0,0,1,0,0,0,0,0,0,0,0,0
5494,34,45,0,0,1,0,0,1,0,0,0,0,0,0,0,0,1,0,0,1,0,0
4864,21,40,0,0,1,0,0,0,1,0,0,0,0,0,0,0,1,0,0,1,0,0
10361,25,40,1,0,1,0,1,0,0,0,0,0,0,0,0,0,1,0,0,1,0,0
20289,42,60,1,0,1,0,1,0,0,0,0,1,0,0,0,0,0,0,0,0,1,0
10699,58,40,1,0,1,0,1,0,0,0,0,0,0,1,0,0,0,0,0,0,0,1
8123,47,40,0,0,0,0,0,0,0,0,1,0,0,0,0,0,0,0,1,0,0,0
2677,64,40,1,0,0,1,1,0,0,0,0,0,1,0,0,0,0,0,0,0,0,1
7762,44,40,1,0,0,1,1,0,0,0,0,0,1,0,0,0,0,0,1,0,0,0
4389,41,40,0,0,0,0,0,0,0,0,0,0,0,0,0,0,1,0,0,0,0,1
1347,17,40,0,1,0,0,0,0,1,0,0,0,0,0,0,1,0,1,0,0,0,0
24467,37,35,1,0,0,1,1,0,0,0,0,0,1,0,0,0,0,0,1,0,0,0
7171,62,48,0,1,0,0,1,0,0,0,0,0,1,0,0,0,0,1,0,0,0,0
19635,19,40,0,0,1,0,0,0,1,0,0,0,1,0,0,0,0,0,0,0,1,0
13136,25,40,0,0,1,0,0,0,1,0,1,0,0,0,0,0,0,0,0,0,0,1
4305,25,70,0,0,1,0,0,0,1,0,1,0,0,0,0,0,0,0,1,0,0,0
14597,33,40,1,0,0,0,1,0,0,0,1,0,0,0,0,0,0,0,1,0,0,0
7964,51,55,1,0,1,0,0,0,1,0,1,0,0,0,0,0,0,0,0,1,0,0
7037,35,75,0,0,0,1,1,0,0,0,0,0,0,0,0,1,0,0,0,0,0,0
9968,29,55,0,0,1,0,0,0,1,0,0,0,0,0,1,0,0,0,1,0,0,0
6260,53,40,1,0,0,0,1,0,0,0,0,0,1,0,0,0,0,0,1,0,0,0
12248,30,40,0,0,1,0,0,1,0,0,0,0,0,0,0,0,0,0,1,0,0,0
24776,47,50,1,0,0,1,1,0,0,0,1,0,0,0,0,0,0,0,0,0,0,1
4032,49,50,1,0,0,1,1,0,0,0,1,0,0,0,0,0,0,0,0,0,0,0
17279,25,40,0,1,0,0,1,0,0,0,0,0,1,0,0,0,0,1,0,0,0,0
10613,70,60,0,1,0,0,1,0,0,0,0,0,1,0,0,0,0,1,0,0,0,0
8712,47,40,0,0,1,0,0,0,0,0,0,0,0,0,0,0,1,0,0,0,1,0
10748,70,37,0,0,1,0,1,0,0,0,0,0,1,0,0,0,0,0,0,0,0,0
25837,50,40,0,1,0,0,0,0,1,0,0,0,0,1,0,0,0,1,0,0,0,0
19498,78,45,1,0,0,1,0,0,0,1,0,0,1,0,0,0,0,0,0,1,0,0
15305,47,40,0,0,1,0,0,0,1,0,0,0,1,0,0,0,0,0,0,0,0,1
25819,77,40,1,0,0,1,1,0,0,0,0,1,0,0,0,0,0,0,0,0,0,0
15270,61,45,1,0,1,0,1,0,0,0,0,0,0,0,0,0,1,0,0,0,0,1
6321,39,40,0,0,1,0,1,0,0,0,0,0,0,0,0,0,0,0,0,0,0,0
18586,71,12,1,0,1,0,1,0,0,0,0,0,0,0,1,0,0,0,1,0,0,0
9989,58,40,0,0,1,0,0,0,0,1,0,0,0,0,0,1,0,0,0,0,1,0
21383,40,30,1,0,0,1,1,0,0,0,0,0,0,1,0,0,0,0,0,0,0,1
2298,40,40,0,0,1,0,0,0,0,0,0,0,0,0,0,0,1,0,0,0,0,1
4024,35,40,0,0,1,0,0,0,1,0,0,0,1,0,0,0,0,0,0,0,0,0
6505,43,60,1,0,0,0,0,0,0,0,0,0,0,1,0,0,0,0,0,0,1,0
22421,38,72,1,0,1,0,1,0,0,0,0,0,0,1,0,0,0,0,0,0,0,0
22542,37,55,1,0,0,1,0,0,1,0,1,0,0,0,0,0,0,0,0,0,1,0
10618,30,70,0,0,1,0,1,0,0,0,0,0,1,0,0,0,0,0,0,0,0,0
15698,33,40,0,0,1,0,0,0,1,0,0,0,0,0,0,0,1,0,0,0,1,0
24095,32,10,0,0,1,0,0,0,1,0,0,0,1,0,0,0,0,0,0,0,0,0
20557,40,40,1,0,1,0,1,0,0,0,0,0,0,1,0,0,0,0,1,0,0,0
17439,66,26,1,0,0,1,1,0,0,0,1,0,0,0,0,0,0,0,0,1,0,0
21826,52,55,1,0,1,0,0,0,0,0,0,0,1,0,0,0,0,0,0,0,0,0
13614,34,35,0,1,0,0,0,0,1,0,0,0,1,0,0,0,0,1,0,0,0,0
14848,34,60,1,0,0,1,1,0,0,0,0,0,0,0,1,0,0,0,1,0,0,0
4630,57,45,0,0,1,0,1,0,0,0,0,0,0,0,0,0,1,0,0,0,0,1
20607,58,40,1,0,0,0,1,0,0,0,1,0,0,0,0,0,0,0,0,0,0,1
9054,42,40,0,0,0,0,0,0,0,0,1,0,0,0,0,0,0,0,0,0,0,1
20010,48,50,0,0,1,0,0,0,1,0,0,0,1,0,0,0,0,0,0,0,0,1
1287,37,40,1,0,0,0,1,0,0,0,1,0,0,0,0,0,0,0,1,0,0,0
11748,51,40,0,0,1,0,1,0,0,0,0,0,0,0,0,0,1,0,0,0,0,1
14478,32,55,1,0,1,0,1,0,0,0,0,0,1,0,0,0,0,0,0,0,0,1
17891,34,50,0,0,1,0,0,0,1,0,0,0,0,0,0,0,1,0,0,0,0,1
22446,44,50,1,0,0,1,1,0,0,0,1,0,0,0,0,0,0,0,0,1,0,0
2803,36,40,0,0,1,0,1,0,0,0,0,0,1,0,0,0,0,0,0,0,0,0
1174,39,35,0,0,1,0,0,0,1,0,0,0,0,0,0,1,0,0,0,0,1,0
15279,53,40,1,0,1,0,1,0,0,0,0,0,0,0,0,0,1,0,0,0,0,1
10501,32,50,1,0,1,0,0,0,1,0,1,0,0,0,0,0,0,0,1,0,0,0
11240,35,40,1,0,0,1,1,0,0,0,0,0,0,1,0,0,0,0,0,1,0,0
4720,34,30,0,0,1,0,0,0,0,0,0,0,0,0,0,0,1,0,0,0,0,1
19000,37,99,1,0,1,0,1,0,0,0,0,0,1,0,0,0,0,0,0,0,0,0
9255,77,25,0,1,0,0,1,0,0,0,0,0,0,0,0,0,0,1,0,0,0,0
9961,34,50,1,0,1,0,1,0,0,0,0,0,0,0,0,0,1,0,1,0,0,0
20938,32,70,1,0,0,1,1,0,0,0,1,0,0,0,0,0,0,0,0,0,0,0
17325,41,60,1,0,0,1,1,0,0,0,0,0,0,0,1,0,0,0,1,0,0,0
8355,44,40,1,0,0,1,1,0,0,0,0,0,0,0,0,0,1,0,0,0,1,0
14753,55,40,0,0,1,0,0,0,0,0,0,0,1,0,0,0,0,0,0,0,0,1
18390,65,28,0,0,1,0,0,0,0,0,0,0,0,1,0,0,0,0,0,1,0,0
2104,39,60,1,0,0,0,1,0,0,0,0,0,0,0,0,0,1,0,0,0,0,0
10453,26,40,0,0,0,0,0,0,1,0,0,0,0,0,0,0,1,0,0,0,1,0
24359,35,50,1,0,1,0,0,0,1,0,0,0,0,1,0,0,0,0,0,0,0,0
6383,46,20,0,0,0,0,0,0,1,0,0,0,0,0,0,1,0,0,0,0,1,0
21083,58,20,0,0,1,0,0,0,0,0,0,0,1,0,0,0,0,0,0,0,1,0
5958,40,50,1,0,1,0,1,0,0,0,0,0,0,1,0,0,0,0,0,0,0,1
25989,54,40,0,0,1,0,0,0,0,0,0,0,0,0,0,0,1,0,0,0,0,0
15610,25,41,0,0,1,0,1,0,0,0,0,0,0,0,0,0,0,0,0,1,0,0
1091,28,60,1,0,1,0,1,0,0,0,0,0,0,0,0,0,1,0,0,0,0,0
9597,48,38,1,0,0,0,1,0,0,0,0,0,1,0,0,0,0,0,0,0,0,1
6372,33,45,1,0,1,0,1,0,0,0,0,0,0,1,0,0,0,0,1,0,0,0
19543,66,1,0,0,0,1,1,0,0,0,0,0,0,0,0,1,0,0,0,0,0,1
24550,51,40,1,0,0,1,1,0,0,0,1,0,0,0,0,0,0,0,0,1,0,0
20108,19,40,0,0,1,0,0,0,1,0,0,0,1,0,0,0,0,0,0,0,0,0
21331,26,45,1,0,1,0,0,0,1,0,1,0,0,0,0,0,0,0,0,0,0,0
20930,20,45,0,0,1,0,0,0,1,0,0,0,1,0,0,0,0,0,0,0,0,0
12224,48,50,0,0,1,0,1,0,0,0,0,0,1,0,0,0,0,0,0,1,0,0
5462,61,40,1,1,0,0,1,0,0,0,1,0,0,0,0,0,0,1,0,0,0,0
19082,55,40,1,0,0,0,0,0,0,1,1,0,0,0,0,0,0,0,1,0,0,0
20056,22,30,0,0,1,0,0,0,0,0,0,0,0,0,0,0,1,0,0,1,0,0
17785,33,55,1,0,1,0,1,0,0,0,0,0,1,0,0,0,0,0,0,0,0,0
17186,30,40,1,0,0,0,1,0,0,0,0,0,1,0,0,0,0,0,0,0,0,1
18157,39,45,1,0,1,0,1,0,0,0,0,0,0,1,0,0,0,0,1,0,0,0
24283,47,48,1,0,1,0,1,0,0,0,0,0,1,0,0,0,0,0,0,0,0,0
12717,29,35,1,0,0,1,1,0,0,0,0,1,0,0,0,0,0,0,1,0,0,0
9866,18,25,0,0,1,0,0,0,1,0,0,0,0,0,0,0,1,0,0,0,0,1
13675,49,45,0,0,1,0,0,0,0,0,0,0,0,0,0,0,1,0,0,0,0,0
1075,50,40,1,0,1,0,1,0,0,0,0,0,1,0,0,0,0,0,0,0,0,1
5100,50,40,1,0,1,0,1,0,0,0,0,0,1,0,0,0,0,0,0,0,0,0
2826,23,40,0,0,1,0,0,0,1,0,0,0,1,0,0,0,0,0,0,0,0,0
12119,35,40,1,0,0,0,1,0,0,0,1,0,0,0,0,0,0,0,1,0,0,0
2227,43,50,1,0,1,0,1,0,0,0,1,0,0,0,0,0,0,0,0,0,0,1
18966,32,40,0,0,0,0,0,0,0,0,0,0,1,0,0,0,0,0,0,0,0,0
13937,39,40,0,0,1,0,1,0,0,0,0,0,1,0,0,0,0,0,1,0,0,0
6263,36,40,0,0,1,0,0,0,0,0,0,0,1,0,0,0,0,0,0,0,0,0
8706,21,38,0,0,1,0,0,0,1,0,0,0,0,0,0,0,1,0,0,0,0,1
3694,27,68,0,0,0,0,1,0,0,0,1,0,0,0,0,0,0,0,0,0,1,0
14003,30,40,0,0,0,1,0,0,1,0,0,0,0,0,0,1,0,0,0,0,0,0
14221,75,20,0,0,1,0,1,0,0,0,0,0,1,0,0,0,0,0,0,1,0,0
15002,17,10,0,0,1,0,0,0,1,0,0,0,0,0,0,1,0,0,0,0,0,0
6829,52,40,0,0,1,0,1,0,0,0,1,0,0,0,0,0,0,0,0,0,1,0
3142,20,40,0,0,0,1,0,0,1,0,0,0,1,0,0,0,0,0,0,0,0,0
15699,61,40,1,0,0,0,1,0,0,0,0,0,0,0,1,0,0,0,1,0,0,0
20211,43,60,1,0,0,1,1,0,0,0,1,0,0,0,0,0,0,0,0,1,0,0
1951,41,38,1,0,1,0,1,0,0,0,0,0,0,1,0,0,0,0,1,0,0,0
24969,24,40,0,0,1,0,1,0,0,0,1,0,0,0,0,0,0,0,0,1,0,0
15874,24,60,0,0,1,0,1,0,0,0,0,0,0,0,0,1,0,0,0,0,0,0
20589,35,40,1,0,1,0,1,0,0,0,0,0,1,0,0,0,0,0,0,0,0,0
3375,22,40,0,0,1,0,1,0,0,0,0,0,0,0,0,0,0,0,0,0,1,0
7866,34,40,1,0,1,0,1,0,0,0,0,0,1,0,0,0,0,0,0,0,0,0
22353,40,50,1,0,1,0,1,0,0,0,1,0,0,0,0,0,0,0,0,0,0,1
4497,48,40,1,0,1,0,1,0,0,0,1,0,0,0,0,0,0,0,0,0,0,1
19574,39,45,1,0,0,0,1,0,0,0,1,0,0,0,0,0,0,0,1,0,0,0
3117,34,60,1,0,0,1,1,0,0,0,0,0,0,0,0,0,0,0,0,0,0,1
24775,39,40,0,0,1,0,0,0,0,0,0,0,0,0,0,0,0,0,0,0,0,1
5832,57,40,0,0,0,0,0,0,0,0,0,0,1,0,0,0,0,0,0,0,0,1
12441,61,60,1,0,1,0,1,0,0,0,0,0,0,0,0,0,0,0,0,0,0,0
11115,45,8,0,0,1,0,0,0,0,0,0,0,0,0,0,0,0,0,0,0,1,0
9165,37,40,0,0,1,0,0,0,0,0,0,0,1,0,0,0,0,0,0,0,0,1
22458,51,60,1,0,1,0,1,0,0,0,1,0,0,0,0,0,0,0,0,0,0,1
24347,65,40,1,1,0,0,1,0,0,0,1,0,0,0,0,0,0,1,0,0,0,0
19027,26,40,0,0,1,0,0,0,1,0,0,0,0,0,0,0,0,0,0,0,0,1
19398,32,40,1,0,1,0,0,0,1,0,1,0,0,0,0,0,0,0,0,0,0,1
19221,81,15,0,0,1,0,1,0,0,0,0,0,0,0,0,1,0,0,1,0,0,0
23917,49,40,1,0,1,0,1,0,0,0,0,0,1,0,0,0,0,0,0,0,0,0
2688,27,34,0,0,1,0,0,0,1,0,0,0,0,0,0,0,1,0,0,0,1,0
12293,44,40,1,0,0,0,1,0,0,0,0,0,0,0,0,0,0,0,0,0,0,0
5280,39,40,1,0,1,0,1,0,0,0,0,0,0,0,0,0,1,0,0,0,0,1
19382,21,32,0,0,1,0,0,0,1,0,0,0,0,0,0,0,0,0,0,1,0,0
15737,42,40,1,0,1,0,1,0,0,0,0,0,1,0,0,0,0,0,0,0,1,0
7389,57,40,1,0,0,0,1,0,0,0,0,0,0,0,0,0,1,0,0,0,0,1
21457,22,20,0,0,0,0,0,0,1,0,0,0,0,0,0,0,0,0,0,0,1,0
10352,19,40,0,0,1,0,0,0,1,0,0,0,1,0,0,0,0,0,0,0,0,0
4823,30,37,1,0,1,0,1,0,0,0,0,0,0,0,0,0,0,0,0,0,0,0
5358,56,40,1,0,0,0,1,0,0,0,0,0,0,1,0,0,0,0,0,0,0,1
9277,60,70,1,1,0,0,1,0,0,0,0,0,1,0,0,0,0,1,0,0,0,0
16429,25,16,0,0,1,0,1,0,0,0,0,0,0,0,0,0,1,0,0,0,0,0
9070,43,44,1,0,1,0,0,0,0,0,1,0,0,0,0,0,0,0,0,1,0,0
23825,23,40,0,0,0,0,0,0,1,0,0,0,0,0,0,0,1,1,0,0,0,0
2791,43,80,1,0,1,0,1,0,0,0,0,0,1,0,0,0,0,0,0,1,0,0
20432,39,50,1,0,0,1,1,0,0,0,0,0,0,0,1,0,0,0,1,0,0,0
9978,21,30,0,0,1,0,0,0,1,0,0,0,1,0,0,0,0,0,0,0,1,0
5458,37,60,0,0,0,0,1,0,0,0,0,0,0,0,0,0,1,0,0,0,1,0
22170,53,40,1,0,1,0,1,0,0,0,0,0,1,0,0,0,0,0,0,0,0,0
21920,27,60,1,0,0,1,0,0,1,0,0,0,0,0,0,0,1,0,0,0,0,1
9537,35,60,1,0,0,0,0,0,1,0,0,1,0,0,0,0,0,0,1,0,0,0
4890,23,12,0,0,1,0,0,0,1,0,0,0,0,0,0,0,0,0,0,0,0,1
9181,59,45,1,0,0,0,0,0,0,0,0,1,0,0,0,0,0,0,1,0,0,0
7546,52,40,0,0,0,0,1,0,0,0,0,0,0,0,0,1,0,0,0,0,0,0
7073,42,45,1,0,0,0,1,0,0,0,0,0,0,0,0,0,1,0,0,0,0,1
25145,65,35,1,0,0,0,1,0,0,0,0,0,0,1,0,0,0,0,1,0,0,0
18685,33,40,0,0,1,0,0,0,1,0,0,0,1,0,0,0,0,0,0,0,1,0
6363,30,15,1,0,0,1,1,0,0,0,0,0,1,0,0,0,0,0,1,0,0,0
8611,41,50,1,0,1,0,1,0,0,0,0,0,0,1,0,0,0,0,0,0,0,1
13292,53,38,1,0,0,0,1,0,0,0,0,0,0,1,0,0,0,0,0,0,0,1
14068,50,50,1,0,1,0,1,0,0,0,0,0,0,0,1,0,0,0,1,0,0,0
24065,46,40,1,0,1,0,1,0,0,0,0,0,0,0,0,0,0,0,0,0,0,0
7177,37,40,1,0,1,0,1,0,0,0,0,0,1,0,0,0,0,0,0,0,0,0
15020,37,55,1,0,0,1,1,0,0,0,1,0,0,0,0,0,0,0,0,0,0,0
10961,21,40,0,0,1,0,0,0,1,0,0,0,0,0,0,0,1,0,0,0,1,0
25238,46,60,1,0,0,1,1,0,0,0,0,0,1,0,0,0,0,0,0,1,0,0
5838,19,40,0,0,1,0,0,0,1,0,0,0,0,0,0,1,0,0,0,0,1,0
17319,41,40,1,0,0,1,1,0,0,0,1,0,0,0,0,0,0,0,0,0,0,1
13288,35,50,1,0,0,1,1,0,0,0,1,0,0,0,0,0,0,0,0,0,0,1
5333,31,40,1,0,1,0,1,0,0,0,0,0,1,0,0,0,0,0,0,0,0,0
24517,65,70,0,1,0,0,1,0,0,0,0,0,0,0,0,1,0,1,0,0,0,0
2564,33,40,0,0,1,0,1,0,0,0,0,1,0,0,0,0,0,0,1,0,0,0
16220,63,56,0,1,0,0,0,0,0,1,1,0,0,0,0,0,0,1,0,0,0,0
25951,57,40,1,0,0,0,1,0,0,0,0,0,1,0,0,0,0,0,0,0,0,1
14636,57,48,1,0,0,0,0,0,0,0,0,0,0,0,0,0,1,0,1,0,0,0
21217,46,45,1,0,0,1,1,0,0,0,0,0,0,0,1,0,0,0,1,0,0,0
24962,51,46,1,0,1,0,1,0,0,0,0,0,1,0,0,0,0,0,1,0,0,0
19124,33,48,0,0,1,0,0,1,0,0,0,0,0,0,0,1,0,0,0,0,0,1
11534,18,10,0,0,1,0,0,0,1,0,0,0,0,0,0,1,0,0,0,1,0,0
13648,68,16,0,0,0,1,1,0,0,0,0,0,0,0,0,1,0,0,0,0,0,1
8691,34,40,1,0,1,0,1,0,0,0,0,0,0,0,0,0,1,0,0,0,0,0
2351,64,45,1,0,0,0,1,0,0,0,0,0,0,0,0,0,0,0,0,0,0,1
14616,21,40,0,1,0,0,0,0,1,0,0,0,1,0,0,0,0,1,0,0,0,0
11423,68,20,0,1,0,0,1,0,0,0,0,0,0,0,0,0,1,1,0,0,0,0
23539,44,35,1,0,1,0,1,0,0,0,0,0,0,1,0,0,0,0,0,0,0,1
19642,24,70,0,0,1,0,1,0,0,0,0,0,1,0,0,0,0,0,0,0,0,0
8852,46,40,1,0,1,0,1,0,0,0,0,0,1,0,0,0,0,0,0,1,0,0
22976,29,50,1,0,1,0,0,0,1,0,1,0,0,0,0,0,0,0,0,1,0,0
302,36,40,0,0,1,0,0,0,0,0,0,0,1,0,0,0,0,0,0,0,0,0
24288,39,50,0,0,1,0,0,0,0,0,0,0,0,0,0,1,0,0,0,0,0,0
13844,46,40,1,0,1,0,1,0,0,0,0,0,0,0,0,1,0,0,0,0,1,0
13960,36,40,0,0,1,0,0,0,0,0,0,0,0,0,0,0,1,0,0,0,0,0
24481,40,40,1,0,1,0,1,0,0,0,1,0,0,0,0,0,0,0,0,0,0,0
9693,27,38,0,0,0,0,1,0,0,0,0,0,1,0,0,0,0,0,0,0,0,1
3744,41,40,1,0,0,1,1,0,0,0,0,0,0,0,0,0,1,0,0,0,0,0
14186,33,40,0,0,1,0,1,0,0,0,0,0,0,0,0,0,1,0,0,0,0,0
6720,42,47,0,0,1,0,0,0,0,0,0,0,1,0,0,0,0,0,0,1,0,0
21398,40,40,0,0,1,0,0,0,0,0,0,0,0,0,0,1,0,0,0,0,0,0
14581,39,60,1,0,0,1,1,0,0,0,0,0,0,0,0,0,0,0,0,0,0,0
14620,38,50,0,0,1,0,1,0,0,0,0,0,1,0,0,0,0,0,0,0,0,0
9451,57,40,0,0,1,0,0,0,0,1,0,0,0,0,0,1,0,0,0,0,1,0
24629,52,40,0,0,1,0,0,0,0,1,0,0,0,0,0,1,0,0,0,0,0,1
9250,31,40,0,0,1,0,0,0,1,0,0,0,1,0,0,0,0,0,0,0,0,0
10904,36,40,1,0,1,0,1,0,0,0,0,0,0,0,0,0,1,0,0,0,0,0
18892,52,43,0,0,0,0,0,0,0,0,0,0,1,0,0,0,0,0,0,0,0,1
1161,38,33,1,0,0,0,1,0,0,0,0,0,0,0,0,0,0,0,0,0,0,1
20151,29,99,0,0,1,0,0,0,0,0,0,0,1,0,0,0,0,0,0,0,1,0
174,40,30,1,0,1,0,1,0,0,0,0,0,1,0,0,0,0,0,0,0,0,1
12250,37,50,0,0,1,0,1,0,0,0,1,0,0,0,0,0,0,0,0,1,0,0
6202,57,40,1,0,1,0,1,0,0,0,0,0,0,0,0,1,0,0,0,0,0,0
8618,35,45,1,0,1,0,0,0,1,0,1,0,0,0,0,0,0,0,0,1,0,0
16226,48,48,0,0,1,0,0,0,0,0,0,0,0,0,0,0,1,0,0,0,0,1
6755,44,55,1,0,1,0,0,0,0,0,0,0,0,0,1,0,0,0,1,0,0,0
1533,33,30,0,0,0,0,0,0,1,0,0,0,1,0,0,0,0,0,0,0,0,1
12167,52,40,1,0,1,0,1,0,0,0,1,0,0,0,0,0,0,0,0,0,0,1
21147,35,50,1,0,1,0,0,0,1,0,1,0,0,0,0,0,0,0,0,0,0,1
6822,31,45,0,0,1,0,1,0,0,0,0,0,0,0,0,1,0,0,1,0,0,0
12356,45,50,0,0,1,0,1,0,0,0,0,0,0,1,0,0,0,0,1,0,0,0
19258,55,40,1,0,0,0,1,0,0,0,0,0,0,0,0,0,1,0,1,0,0,0
24435,33,40,1,0,1,0,1,0,0,0,0,0,0,0,1,0,0,0,1,0,0,0
8428,51,40,1,0,1,0,0,0,0,0,1,0,0,0,0,0,0,0,0,0,0,1
197,26,20,0,0,0,1,0,0,1,0,0,0,0,0,1,0,0,0,1,0,0,0
3190,39,40,0,0,1,0,1,0,0,0,0,0,0,0,0,1,0,0,0,0,0,0
9930,18,25,0,0,1,0,0,0,1,0,0,0,0,0,0,1,0,0,0,1,0,0
11715,41,40,1,0,1,0,1,0,0,0,0,0,0,1,0,0,0,0,0,0,0,1
6455,51,56,1,0,1,0,1,0,0,0,1,0,0,0,0,0,0,0,0,0,0,0
3396,26,40,0,0,1,0,0,0,1,0,1,0,0,0,0,0,0,0,0,0,1,0
4594,35,40,0,0,0,1,1,0,0,0,0,0,0,0,0,0,1,0,0,1,0,0
4953,36,35,1,0,1,0,1,0,0,0,0,0,0,0,0,0,1,0,0,0,0,1
16783,50,40,1,0,0,0,1,0,0,0,1,0,0,0,0,0,0,0,0,0,0,1
4315,48,50,1,0,1,0,0,0,0,0,0,0,0,0,0,0,1,0,0,0,0,1
2897,41,75,1,0,0,0,1,0,0,0,0,0,0,1,0,0,0,0,1,0,0,0
25019,39,55,0,0,0,0,0,0,1,0,0,0,0,1,0,0,0,0,1,0,0,0
24290,28,35,0,0,1,0,0,0,0,0,0,0,1,0,0,0,0,0,0,0,0,1
12931,43,40,1,0,1,0,0,0,0,0,0,0,1,0,0,0,0,0,0,0,0,1
25589,32,40,0,0,0,0,0,0,1,0,0,0,1,0,0,0,0,0,0,0,0,0
6904,18,30,0,0,1,0,0,0,1,0,0,0,0,0,0,1,0,0,0,0,0,0
66,58,40,1,0,0,0,1,0,0,0,0,0,0,0,0,0,1,0,0,0,0,1
22992,40,50,1,0,1,0,1,0,0,0,0,0,0,0,0,0,0,0,0,0,0,1
25524,43,40,0,0,1,0,1,0,0,0,0,0,0,0,0,0,1,0,0,0,0,0
15022,50,37,1,0,1,0,1,0,0,0,0,1,0,0,0,0,0,0,1,0,0,0
18843,35,40,1,0,1,0,0,0,1,0,0,0,1,0,0,0,0,0,0,0,0,1
19649,40,60,0,0,1,0,0,1,0,0,0,0,0,0,0,0,0,0,0,0,0,0
12249,52,50,0,0,1,0,0,0,0,0,0,0,0,0,0,0,1,0,0,0,0,1
7307,41,40,1,0,1,0,1,0,0,0,1,0,0,0,0,0,0,0,1,0,0,0
1352,22,40,0,0,0,0,0,0,1,0,0,0,0,0,0,0,1,0,0,0,0,1
8716,43,40,1,0,0,0,1,0,0,0,0,0,1,0,0,0,0,0,0,0,0,1
14456,39,50,1,0,1,0,1,0,0,0,0,0,0,0,0,0,1,0,0,0,0,1
1030,36,50,1,0,0,1,1,0,0,0,1,0,0,0,0,0,0,0,0,0,0,1
10251,20,40,0,0,1,0,0,0,1,0,0,0,0,0,0,0,1,0,0,0,1,0
6396,40,70,1,0,0,1,1,0,0,0,0,0,0,0,1,0,0,0,1,0,0,0
19896,61,50,1,0,0,1,1,0,0,0,0,0,0,0,0,0,1,0,0,0,0,1
13590,25,35,0,0,1,0,0,0,1,0,0,0,1,0,0,0,0,0,0,1,0,0
3723,22,30,0,0,1,0,0,0,1,0,0,0,0,0,0,0,1,0,0,0,0,1
21496,19,30,0,1,0,0,1,0,0,0,0,0,0,0,0,0,1,1,0,0,0,0
14771,48,40,0,0,0,0,0,0,0,0,0,0,0,0,0,0,1,0,0,0,1,0
12413,42,45,0,0,0,1,1,0,0,0,0,0,1,0,0,0,0,0,0,0,0,0
10786,34,40,0,0,1,0,0,0,1,0,1,0,0,0,0,0,0,0,0,0,1,0
23668,51,40,0,0,0,0,0,0,0,1,1,0,0,0,0,0,0,0,1,0,0,0
24980,45,19,0,0,1,0,0,0,1,0,0,0,1,0,0,0,0,0,0,1,0,0
23056,36,55,1,0,1,0,1,0,0,0,1,0,0,0,0,0,0,0,0,0,0,1
11683,42,40,1,0,1,0,1,0,0,0,1,0,0,0,0,0,0,0,0,0,0,1
238,57,40,0,0,1,0,0,0,1,0,0,0,0,0,0,1,0,0,0,0,1,0
871,64,40,1,0,0,1,1,0,0,0,0,0,0,0,1,0,0,0,1,0,0,0
118,31,50,1,0,1,0,0,0,1,0,1,0,0,0,0,0,0,0,0,0,0,1
17026,38,45,1,0,1,0,1,0,0,0,0,0,0,0,0,0,0,0,0,0,0,1
25892,50,40,1,0,1,0,1,0,0,0,0,0,0,1,0,0,0,0,0,1,0,0
14474,18,20,0,0,1,0,0,0,1,0,0,0,1,0,0,0,0,0,0,0,0,0
8911,71,30,1,1,0,0,1,0,0,0,1,0,0,0,0,0,0,1,0,0,0,0
22256,25,26,0,0,1,0,0,0,1,0,0,0,0,0,0,0,0,0,0,0,0,0
12346,49,60,0,1,0,0,1,0,0,0,0,0,1,0,0,0,0,1,0,0,0,0
22979,42,40,0,0,1,0,1,0,0,0,0,0,0,0,0,1,0,0,0,0,0,0
22300,26,40,0,0,0,0,0,0,1,0,0,0,0,0,0,0,1,0,0,0,0,0
17766,31,25,0,0,0,0,0,0,1,0,0,0,0,1,0,0,0,0,0,0,0,1
9497,17,40,0,1,0,0,0,0,1,0,0,0,0,0,0,1,0,1,0,0,0,0
14649,38,40,1,0,1,0,1,0,0,0,1,0,0,0,0,0,0,0,0,0,1,0
18794,38,40,1,0,0,0,1,0,0,0,0,1,0,0,0,0,0,0,1,0,0,0
11070,34,40,0,0,1,0,0,0,1,0,0,0,0,0,0,0,1,0,0,0,1,0
5150,72,12,0,0,1,0,1,0,0,0,0,0,0,0,0,1,0,0,0,0,1,0
480,63,15,0,0,0,1,1,0,0,0,0,0,0,0,0,1,0,0,0,0,0,1
19004,57,40,0,0,0,0,0,0,0,0,0,0,0,0,0,0,1,0,0,0,0,0
4608,34,50,1,0,0,0,0,0,1,0,0,0,0,0,0,0,1,0,0,0,1,0
2629,58,50,0,0,0,1,0,0,0,1,0,0,1,0,0,0,0,0,0,0,0,1
12271,79,20,1,0,0,1,1,0,0,0,1,0,0,0,0,0,0,0,0,1,0,0
24272,61,40,1,0,1,0,0,0,0,1,0,0,0,1,0,0,0,0,1,0,0,0
9343,49,40,1,0,1,0,1,0,0,0,0,0,0,1,0,0,0,0,0,1,0,0
575,48,40,0,0,1,0,0,0,0,0,0,0,0,0,0,0,1,0,0,0,0,0
21667,35,60,1,0,0,1,1,0,0,0,0,0,1,0,0,0,0,0,0,0,0,0
22140,36,40,0,0,1,0,0,0,0,0,0,0,1,0,0,0,0,0,0,0,0,0
4788,44,80,0,0,1,0,1,0,0,0,0,0,1,0,0,0,0,0,0,0,0,0
6766,61,40,0,0,1,0,1,0,0,0,0,0,1,0,0,0,0,0,0,0,0,0
9792,30,70,1,0,1,0,0,0,1,0,1,0,0,0,0,0,0,0,0,0,0,1
23962,34,40,0,0,0,0,0,0,1,0,0,0,0,1,0,0,0,0,1,0,0,0
24086,43,35,1,0,0,0,1,0,0,0,1,0,0,0,0,0,0,0,0,0,0,1
21302,29,60,1,0,1,0,0,0,0,0,0,1,0,0,0,0,0,0,1,0,0,0
22077,41,40,0,0,1,0,0,1,0,0,0,0,1,0,0,0,0,0,0,0,0,1
17000,65,40,0,0,1,0,1,0,0,0,0,0,0,0,0,1,0,0,0,0,0,0
19746,35,40,0,0,0,1,0,0,1,0,0,0,1,0,0,0,0,0,0,0,0,0
12309,28,40,0,0,1,0,0,0,0,0,0,0,1,0,0,0,0,0,0,0,0,1
12543,60,15,0,0,1,0,0,1,0,0,0,0,0,0,0,1,0,0,0,0,1,0
20524,45,35,0,0,1,0,1,0,0,0,0,0,1,0,0,0,0,0,0,0,1,0
17036,46,32,0,0,1,0,0,1,0,0,0,0,0,0,0,1,0,0,0,0,1,0
199,20,45,0,0,1,0,0,0,1,0,0,0,0,0,0,0,1,0,0,0,0,1
15300,30,40,1,0,1,0,1,0,0,0,0,0,0,0,0,0,1,0,0,0,0,0
24221,22,55,0,0,1,0,0,0,1,0,1,0,0,0,0,0,0,0,1,0,0,0
14255,39,40,1,0,1,0,1,0,0,0,0,0,1,0,0,0,0,0,0,0,0,1
3510,30,40,0,0,1,0,0,1,0,0,0,0,0,0,0,0,0,0,0,0,1,0
823,30,40,1,0,1,0,1,0,0,0,1,0,0,0,0,0,0,0,0,0,0,1
19732,33,60,1,0,0,0,1,0,0,0,1,0,0,0,0,0,0,0,1,0,0,0
4297,73,22,1,1,0,0,0,0,0,1,0,0,1,0,0,0,0,1,0,0,0,0
23193,43,42,0,0,0,1,0,0,1,0,1,0,0,0,0,0,0,0,0,1,0,0
15375,56,40,1,0,0,0,1,0,0,0,1,0,0,0,0,0,0,0,1,0,0,0
1929,32,50,1,0,0,1,1,0,0,0,0,0,0,0,0,0,1,0,0,0,0,1
2602,42,40,0,0,1,0,0,0,1,0,0,0,1,0,0,0,0,0,0,1,0,0
20960,31,40,0,0,1,0,0,0,1,0,0,0,0,0,0,1,0,0,0,0,0,0
17069,30,50,0,0,1,0,1,0,0,0,0,0,1,0,0,0,0,0,0,0,0,0
14033,23,40,0,0,1,0,0,0,1,0,0,0,0,0,0,0,1,0,0,0,1,0
6432,22,35,0,0,1,0,0,0,1,0,0,0,0,0,0,0,1,0,0,0,0,0
19986,69,45,0,0,1,0,1,0,0,0,0,0,0,0,0,1,0,0,1,0,0,0
13195,21,25,0,0,1,0,0,0,1,0,0,0,0,0,0,0,1,0,0,0,1,0
11745,52,50,1,0,1,0,1,0,0,0,1,0,0,0,0,0,0,0,0,0,0,1
23448,48,35,0,0,1,0,0,0,0,0,0,0,0,0,0,0,1,0,0,0,1,0
14341,52,65,0,0,1,0,1,0,0,0,0,0,0,0,0,0,1,0,0,1,0,0
16198,35,40,0,0,1,0,0,0,1,0,0,0,1,0,0,0,0,0,0,0,0,0
18640,50,60,1,0,0,0,1,0,0,0,0,0,0,1,0,0,0,0,0,0,0,1
24868,57,40,0,0,0,0,1,0,0,0,0,0,0,0,0,1,0,0,0,0,1,0
11878,31,40,0,0,0,0,0,0,1,0,1,0,0,0,0,0,0,0,1,0,0,0
12199,53,55,1,0,1,0,1,0,0,0,0,0,0,1,0,0,0,0,0,0,0,1
8779,27,40,0,0,1,0,0,0,0,0,0,0,0,0,0,1,0,0,0,0,0,0
5984,45,38,0,0,0,0,0,0,0,0,0,0,0,0,0,0,1,0,0,0,0,1
8254,52,40,1,0,1,0,1,0,0,0,1,0,0,0,0,0,0,0,0,0,0,0
25841,47,20,1,0,1,0,1,0,0,0,0,0,1,0,0,0,0,0,0,0,0,1
336,49,70,0,0,0,1,0,0,0,0,0,0,0,0,0,1,0,0,0,0,0,0
19826,53,45,0,0,0,0,0,0,0,0,0,0,0,0,0,0,1,0,0,0,0,1
2096,49,44,1,0,0,0,1,0,0,0,0,0,0,0,0,0,1,0,0,0,1,0
18253,33,50,0,0,1,0,0,0,1,0,0,0,0,0,0,0,1,0,0,0,0,1
6516,42,40,0,0,0,1,0,0,1,0,0,0,0,0,0,0,1,0,0,0,0,0
9884,53,55,1,0,1,0,1,0,0,0,0,0,0,1,0,0,0,0,0,0,0,1
24610,36,45,1,0,1,0,1,0,0,0,0,0,1,0,0,0,0,0,0,0,1,0
12628,31,40,1,0,1,0,1,0,0,0,1,0,0,0,0,0,0,0,1,0,0,0
10157,42,40,1,0,0,0,1,0,0,0,0,0,0,0,0,1,0,0,0,0,0,0
9879,30,52,0,0,1,0,0,0,1,0,0,0,0,0,0,0,1,0,0,0,0,1
8494,32,40,0,0,1,0,0,0,1,0,0,0,0,1,0,0,0,0,0,0,0,1
11183,31,45,1,0,1,0,1,0,0,0,1,0,0,0,0,0,0,0,0,0,0,1
5011,52,45,1,0,1,0,1,0,0,0,0,0,0,0,0,0,1,0,0,0,0,1
10771,68,40,0,0,0,1,1,0,0,0,0,0,0,0,0,0,0,0,1,0,0,0
17445,43,35,0,0,1,0,1,0,0,0,0,0,1,0,0,0,0,0,0,0,1,0
10588,33,40,1,0,1,0,1,0,0,0,0,0,0,1,0,0,0,0,1,0,0,0
1765,48,55,0,0,1,0,1,0,0,0,0,0,0,0,0,1,0,0,0,0,0,0
1935,77,14,0,1,0,0,0,0,0,1,0,0,1,0,0,0,0,1,0,0,0,0
10365,46,40,0,0,1,0,1,0,0,0,0,0,0,0,0,1,0,0,0,0,1,0
14609,21,40,0,0,1,0,0,0,1,0,0,0,1,0,0,0,0,0,0,0,0,0
22968,33,40,1,0,0,0,1,0,0,0,0,1,0,0,0,0,0,0,1,0,0,0
24912,49,40,0,0,1,0,1,0,0,0,0,0,0,0,0,1,0,0,0,1,0,0
7404,53,60,1,0,1,0,1,0,0,0,0,0,1,0,0,0,0,0,0,0,0,0
9362,31,25,0,0,1,0,0,0,1,0,0,0,0,0,0,1,0,0,0,0,0,0
13075,45,40,1,0,1,0,1,0,0,0,1,0,0,0,0,0,0,0,0,0,0,1
624,34,75,0,0,0,1,0,0,1,0,0,0,0,0,0,0,1,0,0,1,0,0
3100,38,40,1,0,0,0,1,0,0,0,0,0,1,0,0,0,0,0,0,0,1,0
11992,45,50,1,0,1,0,0,0,0,1,1,0,0,0,0,0,0,0,1,0,0,0
9204,41,40,0,0,1,0,0,0,0,0,0,0,0,0,0,0,0,0,0,0,0,1
12867,26,32,0,0,1,0,0,0,1,0,0,0,0,1,0,0,0,0,0,0,0,1
12754,43,40,1,0,0,0,1,0,0,0,1,0,0,0,0,0,0,0,1,0,0,0
11230,37,60,1,0,1,0,1,0,0,0,0,0,0,1,0,0,0,0,0,0,0,1
23429,36,52,1,0,1,0,1,0,0,0,0,0,0,0,0,0,1,0,0,0,0,1
24727,30,40,0,0,1,0,1,0,0,0,0,0,0,0,0,0,1,0,0,0,0,0
2206,61,40,1,0,0,1,1,0,0,0,0,0,1,0,0,0,0,0,0,0,0,1
18869,37,40,1,0,1,0,1,0,0,0,0,0,0,0,0,0,1,0,0,0,0,1
21417,27,40,0,0,1,0,0,0,1,0,0,0,0,0,1,0,0,0,1,0,0,0
10989,32,44,0,0,1,0,0,0,1,0,0,0,0,0,0,0,0,0,0,0,0,0
4672,18,30,0,0,1,0,0,0,1,0,0,0,0,0,0,1,0,0,0,0,1,0
22344,26,40,0,0,1,0,0,0,0,0,0,0,0,0,0,0,1,0,0,0,0,1
15996,44,40,0,0,0,1,0,0,0,0,0,0,0,1,0,0,0,0,0,0,0,1
6664,43,40,0,0,0,0,0,0,1,0,0,0,1,0,0,0,0,0,0,0,0,1
24954,47,50,1,0,1,0,1,0,0,0,1,0,0,0,0,0,0,0,0,0,0,1
22870,49,45,1,0,1,0,1,0,0,0,0,0,1,0,0,0,0,0,0,0,0,0
15626,61,42,0,0,1,0,1,0,0,0,0,0,0,0,0,0,1,0,1,0,0,0
8042,38,40,1,0,1,0,1,0,0,0,0,0,0,0,0,0,1,0,0,0,0,0
14339,47,45,0,0,1,0,1,0,0,0,0,0,1,0,0,0,0,0,0,1,0,0
15251,64,40,1,0,0,0,0,0,1,0,0,1,0,0,0,0,0,0,1,0,0,0
12086,31,41,1,0,0,0,1,0,0,0,0,0,1,0,0,0,0,0,0,0,1,0
2584,45,45,0,0,1,0,0,0,0,1,0,0,1,0,0,0,0,0,0,1,0,0
2175,37,60,0,0,1,0,1,0,0,0,0,0,1,0,0,0,0,0,0,0,1,0
22823,30,40,1,0,1,0,0,0,1,0,0,0,0,0,0,0,1,0,0,0,0,0
17995,59,40,1,0,1,0,1,0,0,0,0,0,0,1,0,0,0,0,0,0,0,1
23047,30,10,0,0,0,0,1,0,0,0,0,0,0,1,0,0,0,0,1,0,0,0
22940,60,40,0,0,1,0,1,0,0,0,0,0,0,0,0,0,1,0,0,1,0,0
13252,44,45,1,0,0,1,1,0,0,0,1,0,0,0,0,0,0,0,0,0,0,1
2474,46,40,1,0,1,0,1,0,0,0,0,0,0,0,0,0,0,0,0,0,0,0
19984,26,20,0,0,1,0,0,0,1,0,0,0,0,0,0,0,1,0,0,0,0,1
15389,44,30,0,0,1,0,1,0,0,0,0,0,0,0,0,1,0,0,0,0,0,1
5834,45,40,0,0,1,0,0,0,1,0,0,0,1,0,0,0,0,0,0,0,1,0
9392,90,60,1,0,0,0,1,0,0,0,0,0,0,1,0,0,0,0,0,0,0,1
19146,45,40,1,0,0,0,0,0,0,0,1,0,0,0,0,0,0,0,0,0,1,0
12641,37,40,1,0,1,0,0,0,1,0,1,0,0,0,0,0,0,0,0,0,0,1
14375,32,60,0,0,0,1,0,0,1,0,0,0,1,0,0,0,0,0,0,0,1,0
9454,28,40,1,0,1,0,0,0,1,0,1,0,0,0,0,0,0,0,0,1,0,0
10694,38,40,0,0,1,0,1,0,0,0,0,0,1,0,0,0,0,0,0,0,0,0
14834,18,15,0,0,1,0,0,0,1,0,0,0,0,0,0,1,0,0,0,0,0,1
8189,29,40,1,0,1,0,1,0,0,0,0,0,0,1,0,0,0,0,0,1,0,0
602,45,36,1,0,0,1,0,0,0,0,0,0,0,0,1,0,0,0,1,0,0,0
7222,49,80,0,0,0,0,0,0,1,0,0,0,0,1,0,0,0,0,1,0,0,0
8178,26,50,0,0,1,0,1,0,0,0,0,0,0,0,0,0,1,0,0,0,0,1
3866,53,50,1,0,1,0,1,0,0,0,1,0,0,0,0,0,0,0,0,0,0,1
17054,43,60,1,0,1,0,1,0,0,0,0,0,0,0,1,0,0,0,1,0,0,0
8438,37,50,1,0,0,1,1,0,0,0,0,0,1,0,0,0,0,0,0,1,0,0
25822,18,11,0,0,1,0,0,0,1,0,0,0,0,0,0,1,0,0,0,0,1,0
10877,47,35,1,0,0,0,1,0,0,0,0,0,0,0,0,0,0,0,0,0,0,1
4118,20,40,0,0,1,0,0,0,1,0,0,0,0,0,0,1,0,0,0,0,0,0
6745,26,40,0,0,0,0,0,0,1,0,0,0,0,0,0,0,1,0,0,0,1,0
3473,29,50,1,0,1,0,1,0,0,0,0,0,1,0,0,0,0,0,0,0,0,0
6227,29,40,0,1,0,0,0,0,0,0,0,0,1,0,0,0,0,1,0,0,0,0
17415,36,40,0,0,1,0,0,0,0,0,0,0,1,0,0,0,0,0,0,0,0,0
4047,39,40,1,0,1,0,1,0,0,0,0,0,0,0,0,0,0,0,0,0,0,0
11678,35,40,1,0,1,0,1,0,0,0,0,1,0,0,0,0,0,0,1,0,0,0
11575,42,60,0,1,0,0,1,0,0,0,0,0,1,0,0,0,0,1,0,0,0,0
22707,42,45,0,0,1,0,0,1,0,0,0,0,1,0,0,0,0,0,0,1,0,0
19893,37,40,0,0,0,1,1,0,0,0,0,0,1,0,0,0,0,0,0,0,0,0
3775,64,65,1,0,1,0,1,0,0,0,0,0,1,0,0,0,0,0,0,1,0,0
10092,31,35,0,0,0,1,0,0,0,0,0,0,1,0,0,0,0,0,0,0,1,0
6883,52,40,1,0,1,0,1,0,0,0,0,0,0,0,0,0,0,0,0,0,0,1
11783,25,40,1,0,1,0,0,0,1,0,0,0,0,0,0,0,1,0,1,0,0,0
6677,19,40,0,0,1,0,0,0,0,0,0,0,1,0,0,0,0,0,0,0,0,0
24138,70,20,1,0,0,1,1,0,0,0,0,0,0,0,0,0,1,0,0,0,0,1
6296,47,40,1,0,0,0,1,0,0,0,0,0,1,0,0,0,0,0,0,0,0,0
3951,38,60,1,0,0,1,1,0,0,0,0,0,0,1,0,0,0,0,1,0,0,0
17779,32,40,0,0,1,0,1,0,0,0,0,0,1,0,0,0,0,0,0,0,0,0
17129,22,35,0,0,1,0,0,0,1,0,0,0,0,0,0,0,1,0,0,0,0,1
21233,27,80,1,0,1,0,0,0,1,0,1,0,0,0,0,0,0,0,0,1,0,0
15461,33,40,1,0,1,0,1,0,0,0,1,0,0,0,0,0,0,0,0,0,0,1
12102,21,12,0,0,0,0,0,0,1,0,0,0,0,0,0,0,1,0,0,1,0,0
7266,18,60,0,0,0,0,0,0,1,0,0,0,1,0,0,0,0,0,0,0,1,0
99,35,40,0,0,1,0,1,0,0,0,0,0,1,0,0,0,0,0,0,0,0,0
24293,57,20,0,1,0,0,0,0,0,0,0,0,1,0,0,0,0,1,0,0,0,0
12966,23,40,0,0,0,1,0,0,1,0,0,0,1,0,0,0,0,0,0,0,0,0
5513,52,32,1,0,0,0,0,0,1,0,0,0,0,1,0,0,0,0,1,0,0,0
7793,36,55,0,0,1,0,0,0,1,0,0,0,0,0,0,0,0,0,0,0,0,0
7239,67,40,0,0,0,1,1,0,0,0,0,0,0,0,0,1,0,0,0,0,0,0
23174,56,40,0,0,0,0,0,0,1,0,0,0,0,0,0,1,0,0,0,0,0,0
15108,44,60,1,0,1,0,1,0,0,0,0,0,1,0,0,0,0,0,0,0,0,1
19789,53,40,0,0,1,0,0,0,0,0,0,0,1,0,0,0,0,0,0,0,0,0
21720,23,40,0,0,1,0,0,0,1,0,0,0,1,0,0,0,0,0,0,0,0,0
16514,60,70,1,0,0,1,1,0,0,0,0,0,0,0,0,0,0,0,0,0,0,0
11706,48,40,1,0,0,1,1,0,0,0,0,0,1,0,0,0,0,0,0,0,0,0
605,50,40,1,0,1,0,1,0,0,0,1,0,0,0,0,0,0,0,1,0,0,0
8668,58,45,1,0,1,0,1,0,0,0,0,0,1,0,0,0,0,0,0,0,0,0
22746,54,55,1,0,1,0,1,0,0,0,0,0,1,0,0,0,0,0,0,0,0,1
17502,42,35,1,0,1,0,0,0,0,0,0,0,0,1,0,0,0,0,0,0,1,0
24876,20,40,0,0,1,0,0,0,1,0,0,0,1,0,0,0,0,0,0,0,0,0
861,46,40,1,0,1,0,1,0,0,0,1,0,0,0,0,0,0,0,1,0,0,0
9636,41,24,0,0,1,0,0,0,0,0,0,0,0,0,0,0,1,0,0,0,0,1
19887,26,12,0,0,0,0,1,0,0,0,0,0,0,0,0,0,1,0,0,0,0,1
5198,35,35,1,0,0,0,1,0,0,0,0,0,0,1,0,0,0,0,1,0,0,0
18838,43,25,0,0,1,0,1,0,0,0,0,0,0,0,0,1,0,0,0,0,1,0
12281,24,45,1,0,1,0,1,0,0,0,0,0,1,0,0,0,0,0,0,0,1,0
11290,37,40,0,0,0,0,1,0,0,0,0,0,1,0,0,0,0,0,0,0,1,0
24653,37,46,1,0,1,0,1,0,0,0,0,0,1,0,0,0,0,0,0,0,0,1
16473,50,40,0,0,1,0,0,0,0,0,0,0,1,0,0,0,0,0,0,0,0,1
13415,40,45,0,0,1,0,0,0,1,0,1,0,0,0,0,0,0,0,1,0,0,0
17301,42,40,1,0,1,0,1,0,0,0,1,0,0,0,0,0,0,0,0,0,1,0
499,45,25,0,0,0,1,1,0,0,0,0,0,1,0,0,0,0,0,0,0,0,1
530,47,38,1,0,1,0,1,0,0,0,0,0,0,1,0,0,0,0,0,0,0,1
7915,58,40,1,0,0,1,1,0,0,0,1,0,0,0,0,0,0,0,1,0,0,0
14046,44,58,0,0,1,0,0,0,1,0,0,0,1,0,0,0,0,0,0,0,0,0
12385,69,3,0,0,1,0,1,0,0,0,0,0,0,0,1,0,0,0,1,0,0,0
16930,37,50,0,0,1,0,1,0,0,0,0,0,0,0,0,0,1,0,0,0,0,0
3012,19,35,0,0,0,1,0,0,1,0,0,0,0,0,0,0,1,0,0,0,1,0
5826,53,40,0,0,0,0,0,0,0,1,0,0,0,0,0,0,1,0,0,0,0,1
21309,54,40,1,0,0,0,1,0,0,0,0,0,0,0,0,0,1,0,0,0,0,1
16082,63,48,1,0,1,0,1,0,0,0,0,0,0,0,0,0,1,0,0,1,0,0
11797,28,40,1,0,1,0,1,0,0,0,0,0,1,0,0,0,0,0,0,0,0,0
15897,32,40,1,0,1,0,1,0,0,0,0,0,0,0,0,1,0,0,0,0,0,0
13099,29,30,0,0,1,0,0,0,1,0,0,0,0,0,0,1,0,0,0,0,0,0
18447,45,40,1,0,0,0,1,0,0,0,0,0,1,0,0,0,0,0,0,0,0,1
10112,42,48,0,0,1,0,1,0,0,0,0,0,1,0,0,0,0,0,0,0,0,1
22085,48,30,0,0,1,0,1,0,0,0,0,0,0,0,0,1,0,0,0,0,0,0
1930,19,40,0,0,0,0,0,0,1,0,0,0,1,0,0,0,0,0,0,0,0,1
49,48,70,1,0,0,1,1,0,0,0,0,0,0,0,0,0,1,0,0,1,0,0
20921,27,38,0,0,0,1,0,1,0,0,0,0,1,0,0,0,0,0,0,0,0,1
7004,55,40,0,0,0,0,1,0,0,0,0,0,1,0,0,0,0,0,0,0,0,0
11248,41,40,0,0,1,0,0,0,0,0,0,0,0,0,0,0,0,0,0,1,0,0
20233,43,50,1,0,1,0,1,0,0,0,0,0,0,1,0,0,0,0,0,0,0,1
2238,60,50,1,0,1,0,1,0,0,0,1,0,0,0,0,0,0,0,1,0,0,0
8111,49,50,0,0,1,0,1,0,0,0,0,0,0,0,0,1,0,0,0,0,1,0
17886,32,45,1,0,1,0,1,0,0,0,1,0,0,0,0,0,0,0,0,0,0,1
3860,32,40,1,0,1,0,1,0,0,0,1,0,0,0,0,0,0,0,0,0,0,1
14195,64,5,0,1,0,0,1,0,0,0,0,0,1,0,0,0,0,1,0,0,0,0
18970,48,48,0,0,1,0,0,1,0,0,0,0,0,0,0,1,0,0,0,0,0,0
22525,32,40,0,0,0,1,1,0,0,0,0,0,0,0,0,1,0,0,0,0,0,0
11057,34,50,1,0,1,0,1,0,0,0,1,0,0,0,0,0,0,0,0,0,0,1
13088,19,40,0,0,1,0,0,0,1,0,0,0,1,0,0,0,0,0,0,0,0,1
2489,42,40,0,0,0,0,0,0,1,0,0,0,1,0,0,0,0,0,0,0,0,1
18266,28,15,0,0,1,0,0,0,1,0,0,0,0,0,0,1,0,0,0,0,1,0
21012,43,45,0,0,1,0,0,0,0,0,0,0,1,0,0,0,0,0,0,0,0,0
4663,36,50,1,0,1,0,1,0,0,0,1,0,0,0,0,0,0,0,0,0,0,1
11958,38,45,1,0,1,0,1,0,0,0,0,0,0,1,0,0,0,0,0,0,0,1
65,27,40,1,0,1,0,1,0,0,0,0,0,1,0,0,0,0,0,0,0,0,0
12987,48,38,1,0,1,0,0,0,1,0,0,0,0,0,0,0,1,0,0,0,0,0
6738,19,40,0,0,1,0,0,0,1,0,0,0,0,0,0,0,1,0,0,0,0,1
18547,30,25,1,0,1,0,1,0,0,0,0,0,0,0,0,0,0,0,0,0,1,0
11221,44,66,0,0,0,1,1,0,0,0,0,0,1,0,0,0,0,0,0,0,0,1
13461,41,80,1,0,1,0,0,1,0,0,0,0,0,0,0,0,1,0,0,1,0,0
6804,47,40,0,0,1,0,0,0,0,0,0,0,1,0,0,0,0,0,0,0,1,0
12010,53,50,1,0,0,1,0,0,0,0,0,1,0,0,0,0,0,0,0,0,0,1
951,51,15,1,0,1,0,1,0,0,0,0,0,0,0,0,0,1,0,0,0,0,1
23483,49,60,0,0,1,0,0,0,1,0,0,0,0,0,0,0,1,0,0,0,1,0
20321,45,48,0,0,0,0,0,0,0,0,0,0,0,0,0,0,0,0,1,0,0,0
20402,36,70,0,0,0,1,1,0,0,0,0,0,1,0,0,0,0,0,0,0,0,0
14026,39,40,1,0,1,0,1,0,0,0,1,0,0,0,0,0,0,0,0,0,0,1
16476,50,45,1,0,1,0,1,0,0,0,0,0,0,1,0,0,0,0,1,0,0,0
20792,37,50,1,0,1,0,1,0,0,0,0,0,0,0,1,0,0,0,1,0,0,0
17687,36,40,1,0,0,0,1,0,0,0,0,0,0,1,0,0,0,0,1,0,0,0
20004,57,40,1,0,0,0,1,0,0,0,0,0,0,1,0,0,0,0,0,0,0,1
24636,43,50,0,0,1,0,1,0,0,0,0,0,0,1,0,0,0,0,1,0,0,0
16760,36,45,1,0,1,0,1,0,0,0,1,0,0,0,0,0,0,0,1,0,0,0
11657,66,4,0,0,1,0,1,0,0,0,0,0,1,0,0,0,0,0,0,0,1,0
4742,38,40,1,0,1,0,1,0,0,0,0,0,0,1,0,0,0,0,1,0,0,0
14613,42,40,0,0,1,0,1,0,0,0,0,0,1,0,0,0,0,0,0,0,0,0
10479,36,40,0,0,1,0,0,0,0,0,0,0,0,0,0,1,0,0,0,1,0,0
4802,44,60,1,0,0,0,0,0,0,0,0,0,0,0,0,0,1,0,0,0,0,1
3440,73,40,1,0,1,0,1,0,0,0,1,0,0,0,0,0,0,0,1,0,0,0
8067,28,60,0,0,1,0,1,0,0,0,1,0,0,0,0,0,0,0,0,0,0,1
5590,22,35,0,0,1,0,0,0,1,0,0,0,1,0,0,0,0,0,0,0,0,0
14005,40,40,1,0,1,0,1,0,0,0,1,0,0,0,0,0,0,0,0,1,0,0
18396,20,52,0,0,1,0,0,0,1,0,0,0,0,0,0,1,0,0,0,0,0,0
6134,53,36,0,0,1,0,0,0,0,0,0,0,0,0,0,1,0,0,0,0,1,0
10094,26,40,0,0,1,0,1,0,0,0,0,0,0,0,0,0,0,0,0,1,0,0
23824,51,40,1,0,1,0,1,0,0,0,0,0,0,0,0,1,0,0,0,0,0,0
6262,62,45,1,0,1,0,1,0,0,0,0,0,1,0,0,0,0,0,0,0,0,0
7808,40,40,0,0,1,0,0,0,1,0,0,0,1,0,0,0,0,0,0,0,0,0
12883,71,40,0,0,1,0,1,0,0,0,0,0,0,0,0,1,0,0,0,0,0,0
13821,52,40,1,0,1,0,1,0,0,0,0,0,0,0,0,0,1,0,0,0,0,1
17020,45,38,1,0,0,1,1,0,0,0,1,0,0,0,0,0,0,0,0,0,0,1
5184,28,40,0,0,0,0,1,0,0,0,0,0,0,0,1,0,0,0,1,0,0,0
10975,55,40,0,0,1,0,0,0,0,1,1,0,0,0,0,0,0,0,0,0,0,0
20530,34,38,1,0,1,0,1,0,0,0,0,0,0,0,0,0,1,0,1,0,0,0
18035,49,40,1,0,1,0,1,0,0,0,0,0,1,0,0,0,0,0,0,0,0,0
21628,37,45,1,0,0,1,1,0,0,0,0,0,1,0,0,0,0,0,0,1,0,0
154,48,40,1,0,1,0,1,0,0,0,0,0,0,1,0,0,0,0,0,0,0,1
3186,59,48,0,1,0,0,0,0,0,0,0,0,0,0,0,0,0,1,0,0,0,0
1975,27,80,1,0,0,0,1,0,0,0,0,0,1,0,0,0,0,0,0,0,0,1
20157,18,6,0,0,1,0,0,0,1,0,0,0,0,0,0,1,0,0,0,0,0,0
24995,34,60,0,0,0,0,0,0,1,0,0,1,0,0,0,0,0,0,1,0,0,0
10744,46,70,1,0,1,0,1,0,0,0,0,0,0,1,0,0,0,0,0,0,0,1
16733,45,30,1,0,0,1,0,0,1,0,0,0,0,0,1,0,0,0,1,0,0,0
2061,36,40,0,0,1,0,0,0,1,0,0,0,0,0,0,0,1,0,0,0,1,0
2778,44,40,1,0,1,0,1,0,0,0,0,0,0,0,0,0,1,0,0,0,0,1
5816,61,50,1,0,1,0,1,0,0,0,0,0,1,0,0,0,0,0,0,0,0,1
13324,59,40,1,0,0,1,1,0,0,0,0,0,0,0,1,0,0,0,1,0,0,0
8683,24,24,0,0,1,0,0,0,1,0,0,0,0,0,0,0,1,0,0,0,0,0
23756,27,40,0,0,1,0,0,0,1,0,0,0,0,0,0,0,1,0,0,1,0,0
2627,38,40,1,0,0,1,1,0,0,0,1,0,0,0,0,0,0,0,0,1,0,0
3812,49,40,0,0,1,0,0,1,0,0,0,0,1,0,0,0,0,0,0,0,0,0
25800,41,40,0,0,1,0,1,0,0,0,0,0,1,0,0,0,0,0,0,0,0,0
24252,43,40,1,0,0,0,1,0,0,0,0,0,0,0,0,0,1,0,0,0,1,0
19946,38,57,1,0,0,0,0,0,1,0,0,0,0,0,1,0,0,0,1,0,0,0
22913,36,50,1,0,0,1,1,0,0,0,0,0,1,0,0,0,0,0,0,0,0,1
7450,42,45,1,0,1,0,1,0,0,0,0,0,1,0,0,0,0,0,0,0,0,0
7314,45,50,1,0,0,0,1,0,0,0,1,0,0,0,0,0,0,0,0,0,0,1
14322,53,40,1,0,1,0,1,0,0,0,0,0,0,0,0,0,1,0,0,1,0,0
25686,50,45,0,0,1,0,1,0,0,0,0,0,0,0,0,0,0,0,0,0,0,0
23462,42,40,1,0,0,0,1,0,0,0,0,0,0,0,0,0,1,0,0,0,1,0
1936,57,45,1,0,0,1,1,0,0,0,0,0,0,0,0,0,1,0,0,0,0,0
13209,47,40,1,0,1,0,1,0,0,0,0,0,0,0,0,0,0,0,1,0,0,0
22157,61,60,0,0,0,1,1,0,0,0,0,0,1,0,0,0,0,0,0,0,0,0
13079,36,4,0,0,1,0,0,0,0,0,0,0,0,0,0,0,1,0,0,0,0,1
21942,32,30,0,0,1,0,0,0,0,0,0,0,0,0,0,0,1,0,1,0,0,0
22699,57,40,1,0,0,0,1,0,0,0,0,0,1,0,0,0,0,0,0,0,0,1
22698,41,50,1,0,1,0,1,0,0,0,0,1,0,0,0,0,0,0,0,0,0,1
15686,21,38,0,0,1,0,0,0,0,0,0,0,1,0,0,0,0,0,0,1,0,0
13879,34,40,1,0,1,0,1,0,0,0,0,0,1,0,0,0,0,0,0,0,1,0
7789,41,30,0,1,0,0,1,0,0,0,1,0,0,0,0,0,0,1,0,0,0,0
9215,36,50,1,0,1,0,1,0,0,0,0,0,1,0,0,0,0,0,0,0,0,1
15725,34,40,0,0,1,0,0,1,0,0,0,0,1,0,0,0,0,0,0,0,1,0
20898,55,40,1,0,0,0,1,0,0,0,0,0,0,0,1,0,0,0,0,0,0,1
8349,61,45,1,0,1,0,1,0,0,0,0,0,0,1,0,0,0,0,1,0,0,0
13506,52,40,1,0,1,0,1,0,0,0,0,1,0,0,0,0,0,0,1,0,0,0
23898,51,40,0,0,0,1,0,0,1,0,0,0,0,0,0,0,0,0,0,0,0,1
896,31,40,1,0,1,0,1,0,0,0,0,0,0,0,0,0,0,0,0,0,0,0
14253,28,60,1,0,0,1,1,0,0,0,1,0,0,0,0,0,0,0,0,0,0,1
3470,39,40,0,0,1,0,0,0,1,0,0,0,1,0,0,0,0,0,0,0,0,0
9028,31,40,0,0,1,0,0,0,1,0,1,0,0,0,0,0,0,0,1,0,0,0
16617,30,35,1,0,1,0,1,0,0,0,1,0,0,0,0,0,0,0,1,0,0,0
2983,42,38,0,0,0,0,0,0,0,0,0,0,0,0,0,0,1,0,0,0,0,1
12320,50,40,1,0,1,0,1,0,0,0,1,0,0,0,0,0,0,0,0,0,0,1
19536,24,30,0,0,1,0,0,0,1,0,0,0,1,0,0,0,0,0,0,0,1,0
400,44,55,1,0,1,0,1,0,0,0,0,0,0,0,1,0,0,0,0,0,0,1
3546,57,60,1,0,0,1,1,0,0,0,0,0,0,0,1,0,0,0,1,0,0,0
8567,31,40,1,0,1,0,1,0,0,0,0,0,1,0,0,0,0,0,0,0,0,0
17686,40,50,1,0,1,0,1,0,0,0,0,0,0,0,0,0,1,0,0,0,0,0
10576,35,80,1,0,1,0,1,0,0,0,0,0,0,0,1,0,0,0,1,0,0,0
1612,60,40,1,0,0,1,1,0,0,0,0,0,0,0,0,0,1,0,0,0,0,1
6927,51,55,1,0,0,0,1,0,0,0,0,1,0,0,0,0,0,0,0,0,0,1
16663,41,43,1,0,1,0,1,0,0,0,0,0,0,0,0,0,0,0,0,0,0,0
8440,36,60,1,0,1,0,1,0,0,0,0,0,0,0,0,0,0,0,0,0,0,1
8881,25,35,0,0,1,0,0,0,1,0,1,0,0,0,0,0,0,0,0,0,0,1
18549,17,40,0,1,0,0,0,0,1,0,0,0,0,0,0,1,0,1,0,0,0,0
22718,24,20,0,0,1,0,0,0,1,0,0,0,1,0,0,0,0,0,0,1,0,0
10957,31,50,0,0,1,0,1,0,0,0,0,0,0,0,0,0,1,0,1,0,0,0
12266,19,38,0,0,1,0,0,0,1,0,0,0,0,0,0,1,0,0,0,0,0,1
13482,66,40,0,0,0,0,0,0,0,1,0,0,0,1,0,0,0,0,1,0,0,0
6576,37,40,1,0,1,0,1,0,0,0,0,0,0,0,0,0,0,0,0,0,0,0
18518,38,42,1,0,0,0,1,0,0,0,1,0,0,0,0,0,0,0,0,1,0,0
13747,20,30,0,1,0,0,0,0,1,0,0,0,0,0,0,1,0,1,0,0,0,0
4183,43,55,1,0,0,0,1,0,0,0,0,0,0,0,1,0,0,0,1,0,0,0
25201,20,20,0,0,1,0,0,0,1,0,0,0,0,0,0,0,1,0,0,0,1,0
14748,39,40,1,0,1,0,1,0,0,0,0,0,0,0,1,0,0,0,0,0,0,0
22189,42,45,1,0,1,0,1,0,0,0,1,0,0,0,0,0,0,0,0,0,1,0
8879,20,35,0,0,0,0,0,0,1,0,0,0,0,0,0,0,0,0,0,0,0,1
7234,49,40,1,0,0,0,1,0,0,0,1,0,0,0,0,0,0,0,0,0,0,1
16820,27,50,1,0,0,1,1,0,0,0,0,0,0,0,0,0,1,0,0,0,0,0
19290,42,60,1,0,0,1,1,0,0,0,1,0,0,0,0,0,0,0,0,0,0,1
3720,31,40,1,0,0,0,1,0,0,0,0,0,1,0,0,0,0,0,0,0,1,0
20961,35,40,0,0,1,0,0,0,1,0,0,0,0,0,0,0,0,0,0,0,1,0
22807,29,50,0,1,0,0,1,0,0,0,1,0,0,0,0,0,0,1,0,0,0,0
20353,53,40,1,0,1,0,1,0,0,0,0,0,0,0,0,0,1,0,0,0,0,1
19612,38,40,1,0,1,0,1,0,0,0,1,0,0,0,0,0,0,0,1,0,0,0
8430,54,40,1,0,1,0,1,0,0,0,0,0,0,0,0,0,0,0,0,0,0,1
3909,29,50,0,0,1,0,0,0,1,0,1,0,0,0,0,0,0,0,1,0,0,0
1013,42,40,0,0,1,0,0,0,0,0,0,0,0,0,0,0,0,0,1,0,0,0
19524,62,16,0,0,1,0,1,0,0,0,0,0,1,0,0,0,0,0,0,1,0,0
11312,43,48,1,0,1,0,1,0,0,0,0,0,1,0,0,0,0,0,0,0,0,0
5920,58,35,1,0,0,1,1,0,0,0,0,0,0,0,0,1,0,0,0,0,0,0
20798,37,36,1,0,0,0,1,0,0,0,0,0,0,0,0,0,1,0,0,0,1,0
3622,47,75,1,0,1,0,1,0,0,0,0,0,0,0,0,0,1,0,0,0,0,0
25230,58,25,0,0,0,1,1,0,0,0,1,0,0,0,0,0,0,0,0,0,0,0
2744,23,30,0,0,1,0,0,0,1,0,0,0,0,0,0,1,0,0,0,0,1,0
14162,48,48,0,0,1,0,0,0,0,1,0,0,1,0,0,0,0,0,0,0,0,0
5999,43,50,1,0,1,0,1,0,0,0,1,0,0,0,0,0,0,0,0,0,0,1
4294,24,65,0,0,1,0,1,0,0,0,0,0,0,0,0,1,0,0,0,0,0,0
22544,50,50,1,0,1,0,1,0,0,0,0,0,0,1,0,0,0,0,0,0,0,1
19366,17,16,0,0,1,0,0,0,1,0,0,0,0,0,0,1,0,0,0,0,1,0
11886,21,40,0,0,0,0,0,0,1,0,0,0,0,0,0,0,1,0,0,0,0,0
2164,38,50,0,0,1,0,1,0,0,0,0,0,1,0,0,0,0,0,0,0,0,0
25062,37,40,1,0,1,0,1,0,0,0,0,0,0,0,0,0,1,0,0,0,0,0
444,26,40,1,0,1,0,1,0,0,0,0,0,1,0,0,0,0,0,0,0,0,0
9278,31,43,1,0,1,0,1,0,0,0,0,0,0,1,0,0,0,0,1,0,0,0
19583,30,40,0,0,1,0,1,0,0,0,0,0,0,0,0,1,0,0,0,0,0,0
13363,51,40,1,0,1,0,1,0,0,0,0,0,0,0,0,0,1,0,0,0,1,0
23024,35,50,1,0,0,1,1,0,0,0,0,0,1,0,0,0,0,0,0,0,0,1
20048,29,50,1,0,1,0,0,0,1,0,1,0,0,0,0,0,0,0,0,1,0,0
10464,71,40,1,0,1,0,1,0,0,0,0,0,1,0,0,0,0,0,0,0,1,0
7390,42,40,1,0,1,0,1,0,0,0,1,0,0,0,0,0,0,0,0,0,0,1
18075,37,55,1,0,1,0,1,0,0,0,0,0,0,1,0,0,0,0,0,0,0,1
19838,45,55,0,0,0,0,1,0,0,0,1,0,0,0,0,0,0,0,1,0,0,0
12607,51,40,1,0,1,0,1,0,0,0,0,0,1,0,0,0,0,0,0,0,1,0
816,55,35,0,0,1,0,1,0,0,0,1,0,0,0,0,0,0,0,0,0,1,0
604,23,45,0,0,1,0,0,0,1,0,1,0,0,0,0,0,0,0,0,1,0,0
24034,35,35,1,0,1,0,1,0,0,0,0,0,1,0,0,0,0,0,0,0,0,1
9115,72,40,1,0,0,0,1,0,0,0,0,0,1,0,0,0,0,0,0,0,0,1
17074,63,40,0,0,1,0,1,0,0,0,0,0,1,0,0,0,0,0,0,0,0,0
12572,33,35,0,0,0,0,0,1,0,0,0,0,0,0,0,0,1,0,0,0,0,1
7674,51,45,1,0,0,1,1,0,0,0,1,0,0,0,0,0,0,0,0,0,1,0
20899,24,30,0,0,1,0,0,0,1,0,0,0,1,0,0,0,0,0,0,0,1,0
24479,34,80,0,0,1,0,0,0,1,0,0,0,1,0,0,0,0,0,0,0,0,0
9368,19,28,0,1,0,0,0,0,1,0,0,0,0,0,0,1,0,1,0,0,0,0
4779,25,96,0,0,1,0,1,0,0,0,0,0,0,0,0,1,0,0,0,0,0,0
16330,67,40,1,0,0,0,1,0,0,0,0,0,1,0,0,0,0,0,0,0,1,0
6205,34,60,1,0,1,0,0,0,1,0,0,0,0,1,0,0,0,0,0,1,0,0
15769,78,40,1,0,0,1,1,0,0,0,1,0,0,0,0,0,0,0,0,0,0,1
4212,29,40,0,0,1,0,1,0,0,0,0,0,0,0,0,0,1,0,0,0,0,0
9703,37,32,0,0,0,0,1,0,0,0,0,0,0,0,0,0,1,0,0,0,1,0
23367,23,32,0,0,1,0,0,0,1,0,0,0,1,0,0,0,0,0,0,0,0,1
24807,38,60,0,0,1,0,1,0,0,0,0,0,1,0,0,0,0,0,0,0,0,0
20759,27,40,1,0,1,0,1,0,0,0,0,0,1,0,0,0,0,0,0,0,0,0
3853,45,55,1,0,0,1,1,0,0,0,0,0,1,0,0,0,0,0,0,0,0,1
16573,45,48,1,0,1,0,0,0,0,0,1,0,0,0,0,0,0,0,1,0,0,0
24429,62,40,1,0,1,0,1,0,0,0,0,0,0,0,0,0,0,0,0,0,1,0
9787,40,50,0,0,0,1,0,0,0,0,0,0,1,0,0,0,0,0,0,0,0,1
18606,41,40,0,0,1,0,1,0,0,0,0,0,1,0,0,0,0,0,0,0,0,0
18370,37,32,0,0,0,0,0,0,1,0,0,0,0,0,0,0,0,0,0,0,1,0
4048,31,99,1,0,1,0,0,0,0,0,0,0,1,0,0,0,0,0,0,0,1,0
3725,28,40,0,0,0,1,1,0,0,0,0,0,1,0,0,0,0,0,0,0,0,0
22437,46,50,1,0,0,1,1,0,0,0,0,1,0,0,0,0,0,0,1,0,0,0
13291,47,40,0,0,0,0,1,0,0,0,0,0,1,0,0,0,0,0,0,0,0,0
2267,60,45,1,0,1,0,1,0,0,0,1,0,0,0,0,0,0,0,0,0,0,1
25672,49,40,1,0,0,1,1,0,0,0,0,0,0,0,0,0,0,0,0,0,0,0
5619,37,70,0,0,1,0,1,0,0,0,0,0,1,0,0,0,0,0,0,0,0,0
4965,54,40,1,0,1,0,1,0,0,0,1,0,0,0,0,0,0,0,1,0,0,0
4700,50,40,0,0,1,0,0,0,1,0,0,0,0,0,0,0,1,0,1,0,0,0
15178,21,43,0,0,0,0,0,0,1,0,0,0,1,0,0,0,0,0,0,0,0,1
6827,19,40,0,0,1,0,0,0,1,0,0,0,1,0,0,0,0,0,0,0,1,0
21232,30,40,0,0,1,0,1,0,0,0,0,0,0,0,0,1,0,0,0,0,0,0
6522,18,20,0,0,1,0,0,0,1,0,0,0,0,0,0,1,0,0,0,0,1,0
16318,44,38,1,0,0,0,1,0,0,0,0,0,1,0,0,0,0,0,0,0,1,0
14756,30,40,0,0,1,0,0,0,1,0,1,0,0,0,0,0,0,0,0,0,0,0
2405,29,25,0,0,1,0,0,0,1,0,0,0,1,0,0,0,0,0,0,0,1,0
17125,58,45,1,0,1,0,1,0,0,0,0,0,0,0,0,0,1,0,0,0,0,1
19706,58,30,0,0,0,1,1,0,0,0,0,0,1,0,0,0,0,0,0,0,0,0
6304,38,40,1,0,0,0,1,0,0,0,0,0,0,1,0,0,0,0,1,0,0,0
7128,34,40,0,0,0,0,1,0,0,0,1,0,0,0,0,0,0,0,1,0,0,0
14776,24,40,0,0,1,0,1,0,0,0,0,0,0,0,0,0,0,0,0,0,0,1
25140,18,40,0,0,1,0,0,0,1,0,0,0,0,0,0,1,0,0,0,0,0,0
12175,25,40,1,0,1,0,1,0,0,0,0,0,0,0,0,1,0,0,0,0,0,0
2863,45,40,1,0,0,0,1,0,0,0,0,0,1,0,0,0,0,0,0,0,0,0
13241,40,50,1,0,0,0,1,0,0,0,0,1,0,0,0,0,0,0,1,0,0,0
21721,47,44,1,0,1,0,1,0,0,0,1,0,0,0,0,0,0,0,0,0,0,1
23213,34,45,1,0,1,0,1,0,0,0,0,0,0,0,0,0,1,0,0,1,0,0
7163,51,40,1,0,1,0,1,0,0,0,0,0,1,0,0,0,0,0,0,0,0,0
6501,38,40,1,0,0,1,1,0,0,0,0,0,0,0,0,0,1,0,0,0,0,1
20684,19,60,0,1,0,0,0,0,1,0,0,0,1,0,0,0,0,1,0,0,0,0
18499,50,40,1,0,1,0,1,0,0,0,0,0,1,0,0,0,0,0,0,0,0,0
17373,50,50,1,0,1,0,1,0,0,0,0,0,1,0,0,0,0,0,0,0,0,0
12716,53,40,1,0,1,0,1,0,0,0,0,0,1,0,0,0,0,0,0,0,0,0
11794,48,55,1,0,0,1,1,0,0,0,0,1,0,0,0,0,0,0,1,0,0,0
2151,33,50,1,0,0,0,1,0,0,0,0,0,0,1,0,0,0,0,1,0,0,0
14256,56,66,0,0,1,0,0,0,1,0,0,0,0,1,0,0,0,0,1,0,0,0
4903,43,70,1,0,0,1,1,0,0,0,0,0,0,0,0,0,1,0,0,0,0,1
1020,34,30,0,1,0,0,1,0,0,0,1,0,0,0,0,0,0,1,0,0,0,0
19191,19,20,0,0,1,0,0,0,1,0,0,0,0,0,0,0,1,0,0,0,1,0
8454,54,40,1,0,1,0,0,0,0,0,0,0,0,1,0,0,0,0,0,0,1,0
12671,50,40,1,0,1,0,1,0,0,0,1,0,0,0,0,0,0,0,0,0,0,1
21859,57,60,1,0,0,1,1,0,0,0,0,0,1,0,0,0,0,0,1,0,0,0
11804,45,40,1,0,1,0,1,0,0,0,0,0,1,0,0,0,0,0,0,0,1,0
24433,51,40,1,0,1,0,1,0,0,0,0,0,0,0,0,0,0,0,0,0,0,0
8448,46,45,1,0,1,0,1,0,0,0,1,0,0,0,0,0,0,0,1,0,0,0
7438,39,40,1,0,1,0,1,0,0,0,0,0,0,0,0,0,1,0,0,1,0,0
10964,53,40,1,0,0,0,1,0,0,0,0,0,0,0,0,0,0,0,1,0,0,0
21856,36,50,1,0,1,0,1,0,0,0,1,0,0,0,0,0,0,0,1,0,0,0
8359,25,35,1,0,0,1,0,0,1,0,1,0,0,0,0,0,0,0,0,0,0,1
11982,18,30,0,0,1,0,0,0,1,0,0,0,0,0,0,0,1,0,0,0,0,1
16165,31,30,0,1,0,0,1,0,0,0,0,0,1,0,0,0,0,1,0,0,0,0
3337,47,48,0,0,0,1,1,0,0,0,0,0,1,0,0,0,0,0,0,0,0,0
10973,17,15,0,0,1,0,0,0,1,0,0,0,0,0,0,1,0,0,0,0,1,0
11638,45,55,0,0,1,0,1,0,0,0,0,0,0,0,0,0,1,0,0,0,0,0
15297,33,50,1,0,0,0,1,0,0,0,0,0,0,1,0,0,0,0,1,0,0,0
5455,27,40,0,0,0,0,0,0,1,0,0,0,1,0,0,0,0,0,0,0,0,0
20593,23,70,0,0,0,0,0,0,0,0,0,0,0,0,0,0,1,0,0,0,0,1
380,24,45,0,0,1,0,0,0,1,0,1,0,0,0,0,0,0,0,0,0,0,1
18836,37,40,0,0,0,0,0,0,0,0,0,0,1,0,0,0,0,0,1,0,0,0
21813,33,45,0,0,1,0,1,0,0,0,0,0,1,0,0,0,0,0,0,1,0,0
17469,56,40,0,0,1,0,1,0,0,0,1,0,0,0,0,0,0,0,0,0,0,1
17525,32,48,1,0,1,0,1,0,0,0,0,0,1,0,0,0,0,0,0,0,0,0
9377,41,40,0,0,0,0,1,0,0,0,0,0,1,0,0,0,0,0,0,0,0,0
11604,49,45,1,0,0,0,1,0,0,0,0,1,0,0,0,0,0,0,1,0,0,0
6317,42,40,1,0,1,0,1,0,0,0,1,0,0,0,0,0,0,0,1,0,0,0
3920,81,24,1,1,0,0,1,0,0,0,0,0,0,0,1,0,0,1,0,0,0,0
14148,47,40,1,0,1,0,0,0,0,0,0,0,1,0,0,0,0,0,0,0,0,1
20336,73,99,1,0,0,1,1,0,0,0,0,0,0,0,0,1,0,0,0,0,0,0
10939,31,40,0,0,1,0,0,0,0,0,0,0,0,0,0,0,1,0,0,0,0,0
20273,65,40,0,0,1,0,1,0,0,0,0,0,0,0,0,0,1,0,0,0,0,0
11131,40,40,0,0,0,0,0,0,1,0,0,1,0,0,0,0,0,0,1,0,0,0
19867,48,40,0,0,1,0,0,0,0,1,0,0,1,0,0,0,0,0,0,0,0,1
16469,52,50,1,0,0,1,1,0,0,0,1,0,0,0,0,0,0,0,0,1,0,0
14724,45,56,1,0,0,0,1,0,0,0,0,0,0,0,0,0,1,0,1,0,0,0
19662,61,40,0,0,1,0,1,0,0,0,0,0,1,0,0,0,0,0,0,1,0,0
11069,48,40,1,0,1,0,1,0,0,0,0,0,0,0,0,0,1,0,0,0,0,0
17237,29,35,1,0,0,0,1,0,0,0,0,0,0,0,0,0,0,0,0,0,1,0
5825,70,8,0,1,0,0,1,0,0,0,0,0,0,1,0,0,0,1,0,0,0,0
6105,40,32,0,0,1,0,0,0,0,0,0,0,0,0,0,0,0,0,1,0,0,0
1875,44,40,0,0,1,0,0,0,1,0,0,0,1,0,0,0,0,0,0,0,0,1
21009,60,40,0,0,0,1,1,0,0,0,0,0,1,0,0,0,0,0,0,0,1,0
12704,21,40,0,0,1,0,1,0,0,0,0,0,0,0,0,1,0,0,0,0,0,0
869,30,40,0,0,1,0,0,0,1,0,0,0,1,0,0,0,0,0,0,1,0,0
13985,53,40,0,0,1,0,1,0,0,0,1,0,0,0,0,0,0,0,0,0,0,0
16945,41,35,1,0,1,0,1,0,0,0,0,0,0,0,0,0,1,0,0,1,0,0
10538,49,40,1,0,1,0,1,0,0,0,0,0,1,0,0,0,0,0,0,0,0,0
1267,25,40,1,0,1,0,0,0,1,0,0,0,0,0,0,0,0,0,0,1,0,0
25508,21,20,0,0,1,0,0,0,1,0,0,0,0,0,0,0,1,0,0,0,1,0
10808,59,50,1,0,0,1,1,0,0,0,1,0,0,0,0,0,0,0,0,0,0,1
7755,39,40,0,0,1,0,0,0,1,0,0,0,0,0,0,0,1,0,0,0,0,0
19458,48,60,1,0,0,1,1,0,0,0,0,0,0,0,0,0,1,0,0,0,0,0
16621,32,54,0,0,1,0,0,0,0,0,0,0,0,0,0,0,1,0,0,0,0,0
13474,39,40,1,0,1,0,1,0,0,0,0,0,1,0,0,0,0,0,0,0,0,0
17238,18,15,0,0,1,0,0,0,1,0,0,0,0,0,0,0,1,0,0,0,0,1
12583,57,50,1,0,0,1,1,0,0,0,0,0,0,0,1,0,0,0,0,0,0,0
4840,29,60,0,0,1,0,0,0,1,0,1,0,0,0,0,0,0,0,1,0,0,0
13802,46,40,0,0,1,0,0,0,1,0,0,0,0,0,0,0,1,0,0,0,0,0
5022,52,55,0,0,1,0,1,0,0,0,0,0,0,0,0,0,1,0,0,0,0,0
7630,28,40,1,0,1,0,1,0,0,0,0,0,0,0,0,0,1,0,0,0,0,0
8266,23,42,0,0,1,0,0,0,1,0,1,0,0,0,0,0,0,0,1,0,0,0
16813,37,50,0,0,0,1,0,0,0,0,0,0,1,0,0,0,0,0,0,0,0,0
8813,48,45,0,0,0,0,0,0,0,0,1,0,0,0,0,0,0,0,0,0,0,1
4794,35,40,0,0,1,0,1,0,0,0,0,0,1,0,0,0,0,0,0,0,0,0
9862,38,60,0,0,1,0,0,0,1,0,0,0,0,0,0,0,1,0,0,0,0,0
11431,22,30,0,0,1,0,0,0,1,0,1,0,0,0,0,0,0,0,0,0,0,1
17912,49,65,1,0,0,1,1,0,0,0,0,0,0,0,1,0,0,0,1,0,0,0
20367,29,40,1,0,1,0,1,0,0,0,1,0,0,0,0,0,0,0,0,0,1,0
618,74,25,1,0,0,1,1,0,0,0,0,1,0,0,0,0,0,0,1,0,0,0
18749,28,50,0,0,1,0,0,0,1,0,0,0,0,0,1,0,0,0,1,0,0,0
19521,38,50,0,0,0,1,0,0,0,0,0,0,1,0,0,0,0,0,0,0,0,0
20854,41,60,1,0,0,1,1,0,0,0,1,0,0,0,0,0,0,0,0,0,0,1
19934,60,50,1,0,1,0,1,0,0,0,0,0,0,0,0,0,1,0,0,0,0,0
23301,44,40,0,0,0,0,0,0,1,0,0,0,1,0,0,0,0,0,0,0,0,1
24530,55,60,0,0,0,0,1,0,0,0,1,0,0,0,0,0,0,0,1,0,0,0
19687,23,25,0,0,1,0,0,0,1,0,0,0,0,0,0,0,1,0,0,0,1,0
11809,45,50,1,0,0,1,1,0,0,0,0,0,0,0,1,0,0,0,1,0,0,0
21555,52,40,1,1,0,0,1,0,0,0,0,0,0,1,0,0,0,1,0,0,0,0
3695,35,40,0,0,1,0,1,0,0,0,0,0,0,0,0,0,1,0,1,0,0,0
14134,26,45,1,0,1,0,0,0,1,0,0,0,0,0,0,0,1,0,0,0,0,0
23392,38,40,1,0,1,0,1,0,0,0,0,0,0,0,0,0,1,0,0,0,1,0
24350,25,45,0,0,1,0,0,0,1,0,0,0,1,0,0,0,0,0,0,1,0,0
14071,61,40,0,0,0,0,1,0,0,0,0,0,0,0,0,1,0,0,0,0,0,0
1942,17,40,0,1,0,0,0,0,1,0,0,0,0,0,0,1,0,1,0,0,0,0
9662,42,40,0,0,0,0,1,0,0,0,0,0,0,0,0,1,0,0,0,0,1,0
20850,33,40,1,0,0,1,1,0,0,0,0,0,0,0,1,0,0,0,1,0,0,0
15077,21,40,0,0,1,0,0,0,1,0,0,0,1,0,0,0,0,0,0,0,0,1
11188,26,40,0,1,0,0,0,0,1,0,0,0,0,0,0,0,1,1,0,0,0,0
4202,25,40,0,0,1,0,0,0,1,0,0,0,1,0,0,0,0,0,0,0,1,0
5089,56,38,1,0,0,0,1,0,0,0,0,0,1,0,0,0,0,0,0,0,0,0
14652,18,25,0,0,1,0,0,0,1,0,0,0,0,0,0,0,1,0,0,1,0,0
7010,36,30,1,0,0,1,1,0,0,0,0,0,0,0,1,0,0,0,0,1,0,0
7348,41,40,0,0,1,0,0,0,0,0,0,0,1,0,0,0,0,0,0,0,0,0
24526,30,45,0,0,1,0,0,0,1,0,0,0,0,0,0,0,1,0,0,0,0,0
11951,58,35,1,0,1,0,0,0,0,1,0,0,1,0,0,0,0,0,0,1,0,0
11824,48,40,0,0,1,0,0,1,0,0,1,0,0,0,0,0,0,0,0,0,0,1
10620,29,40,1,0,1,0,1,0,0,0,0,0,1,0,0,0,0,0,1,0,0,0
22565,32,40,0,0,0,0,0,0,1,0,0,0,0,0,0,0,1,0,0,0,0,1
15350,17,12,0,0,1,0,0,0,1,0,0,0,0,0,0,1,0,0,0,0,1,0
16060,38,35,1,0,1,0,0,1,0,0,0,0,0,0,1,0,0,0,1,0,0,0
20820,38,70,1,0,1,0,1,0,0,0,1,0,0,0,0,0,0,0,1,0,0,0
20343,25,40,0,0,1,0,1,0,0,0,0,0,0,0,0,1,0,0,0,0,0,0
10662,30,40,1,0,1,0,1,0,0,0,1,0,0,0,0,0,0,0,0,0,0,1
23533,41,40,1,0,1,0,1,0,0,0,0,0,0,1,0,0,0,0,0,0,0,1
3220,39,40,0,0,0,1,0,0,1,0,0,0,1,0,0,0,0,0,0,0,0,0
15214,23,10,0,0,1,0,0,0,1,0,0,0,0,0,0,0,1,0,1,0,0,0
4733,20,40,0,0,1,0,0,0,1,0,0,0,0,0,0,1,0,0,0,0,0,1
20327,39,60,1,0,0,1,1,0,0,0,1,0,0,0,0,0,0,0,0,0,0,1
3431,32,45,0,0,0,0,1,0,0,0,0,0,1,0,0,0,0,0,0,0,1,0
4319,54,40,1,0,1,0,0,0,0,0,0,0,0,1,0,0,0,0,1,0,0,0
10945,49,50,1,0,0,0,0,0,0,0,0,1,0,0,0,0,0,0,1,0,0,0
19978,45,65,0,0,0,1,1,0,0,0,0,0,0,0,0,1,0,0,0,0,0,0
3625,40,40,1,0,1,0,1,0,0,0,0,0,0,0,0,0,1,0,0,0,0,1
18513,25,40,0,0,1,0,0,0,0,0,0,0,1,0,0,0,0,0,0,0,1,0
18986,20,30,0,0,1,0,0,0,1,0,0,0,0,0,0,0,1,0,0,1,0,0
398,34,50,0,0,0,1,0,1,0,0,0,0,1,0,0,0,0,0,0,0,0,1
14330,44,52,1,0,0,1,1,0,0,0,1,0,0,0,0,0,0,0,0,0,0,1
4671,66,40,1,0,0,0,0,0,0,0,0,0,0,0,0,0,1,0,0,0,1,0
20755,29,42,0,0,1,0,0,0,1,0,0,0,1,0,0,0,0,0,0,0,1,0
20231,32,55,1,0,0,1,1,0,0,0,1,0,0,0,0,0,0,0,0,1,0,0
17283,49,60,1,0,0,1,1,0,0,0,0,0,1,0,0,0,0,0,0,0,0,1
13026,24,30,0,0,1,0,0,0,1,0,0,0,1,0,0,0,0,0,0,0,0,1
23873,61,50,1,0,0,0,1,0,0,0,1,0,0,0,0,0,0,0,0,0,0,1
16825,54,40,0,0,1,0,1,0,0,0,0,0,0,1,0,0,0,0,0,0,1,0
18073,45,50,1,0,0,1,1,0,0,0,0,0,0,0,0,0,0,0,0,0,0,0
744,57,45,0,0,0,1,0,0,0,1,0,0,0,0,0,1,0,0,0,0,0,0
6297,30,40,0,0,1,0,0,0,1,0,0,0,1,0,0,0,0,0,0,0,0,1
17501,47,60,1,0,1,0,1,0,0,0,0,0,0,0,0,0,0,0,0,0,0,0
9390,45,45,1,0,1,0,1,0,0,0,1,0,0,0,0,0,0,0,0,0,0,1
9098,61,50,0,0,0,1,1,0,0,0,0,0,1,0,0,0,0,0,0,0,0,0
7643,39,40,1,0,0,0,1,0,0,0,0,0,1,0,0,0,0,0,0,0,0,0
13981,38,40,0,0,1,0,0,0,1,0,0,0,1,0,0,0,0,0,0,0,0,0
18162,43,45,1,0,1,0,0,0,0,0,1,0,0,0,0,0,0,0,0,0,0,1
24938,47,40,1,0,1,0,1,0,0,0,0,0,0,0,0,0,1,0,0,0,0,0
25002,71,2,0,0,0,1,0,1,0,0,0,0,0,0,0,0,1,0,0,1,0,0
22852,39,84,1,0,1,0,1,0,0,0,0,0,0,0,0,0,1,0,0,0,1,0
13873,43,40,1,0,0,0,1,0,0,0,0,0,0,0,0,0,0,0,1,0,0,0
23691,67,16,0,0,0,1,1,0,0,0,1,0,0,0,0,0,0,0,0,0,0,1
10542,58,40,1,0,1,0,1,0,0,0,0,0,0,0,0,0,1,0,0,0,0,1
25573,27,40,0,0,1,0,0,0,0,0,0,0,0,0,0,1,0,0,0,0,1,0
14654,61,35,1,0,0,1,1,0,0,0,0,0,0,0,1,0,0,0,1,0,0,0
4014,36,50,0,0,1,0,0,0,0,0,0,0,0,0,0,0,1,0,1,0,0,0
1837,41,55,1,0,0,1,1,0,0,0,1,0,0,0,0,0,0,0,0,0,0,1
11372,49,32,0,0,0,1,0,0,0,0,0,0,0,0,0,0,1,0,0,0,0,1
13693,45,45,1,0,1,0,1,0,0,0,1,0,0,0,0,0,0,0,0,0,0,0
25634,35,43,0,0,1,0,1,0,0,0,0,0,1,0,0,0,0,0,0,0,0,0
23621,50,48,1,0,1,0,1,0,0,0,0,0,1,0,0,0,0,0,0,0,0,0
9946,39,40,0,0,0,1,0,0,0,0,1,0,0,0,0,0,0,0,0,0,0,1
10943,26,40,0,0,1,0,1,0,0,0,0,0,0,0,0,0,1,0,0,0,0,0
24246,23,50,0,0,1,0,0,0,1,0,0,0,1,0,0,0,0,0,0,0,1,0
750,59,41,1,1,0,0,1,0,0,0,0,0,1,0,0,0,0,1,0,0,0,0
18722,34,35,1,0,1,0,1,0,0,0,0,0,1,0,0,0,0,0,0,0,0,0
22168,49,40,1,0,1,0,1,0,0,0,1,0,0,0,0,0,0,0,0,0,0,1
14575,20,40,0,1,0,0,0,0,1,0,0,0,0,0,0,0,1,1,0,0,0,0
17481,61,50,1,0,1,0,1,0,0,0,0,0,1,0,0,0,0,0,0,0,0,1
14251,38,55,0,0,1,0,1,0,0,0,0,0,0,0,0,0,1,0,0,0,0,1
15012,65,14,0,0,1,0,0,0,0,0,0,0,1,0,0,0,0,0,0,0,1,0
19487,25,40,0,0,1,0,0,0,1,0,1,0,0,0,0,0,0,0,1,0,0,0
23682,62,2,1,1,0,0,1,0,0,0,0,0,0,1,0,0,0,1,0,0,0,0
7482,37,86,0,0,0,1,0,0,1,0,0,0,1,0,0,0,0,0,0,0,0,0
1880,31,90,1,0,0,0,1,0,0,0,0,0,0,1,0,0,0,0,1,0,0,0
13641,37,40,0,0,1,0,0,0,0,1,0,0,0,0,0,0,1,0,0,0,1,0
24694,26,40,0,0,1,0,1,0,0,0,0,0,0,0,0,0,1,0,0,0,0,0
4458,17,40,0,1,0,0,0,0,1,0,0,0,0,0,0,1,0,1,0,0,0,0
1922,21,40,0,0,1,0,0,0,1,0,0,0,0,0,0,0,1,0,0,0,1,0
24548,50,40,1,0,0,0,1,0,0,0,0,0,0,0,1,0,0,0,1,0,0,0
8245,57,38,1,0,0,1,1,0,0,0,0,0,0,0,0,0,1,0,0,0,1,0
20192,18,15,0,0,1,0,0,0,1,0,0,0,1,0,0,0,0,0,0,0,0,0
7736,31,45,0,0,0,0,0,0,1,0,1,0,0,0,0,0,0,0,1,0,0,0
15646,45,45,1,0,0,0,1,0,0,0,1,0,0,0,0,0,0,0,1,0,0,0
16247,36,40,0,0,1,0,1,0,0,0,0,0,0,0,0,0,1,0,0,0,0,0
14361,31,40,0,0,1,0,0,0,0,0,0,0,0,0,0,0,1,0,0,0,0,1
1176,35,45,0,0,1,0,0,0,0,0,0,0,0,0,0,0,0,0,0,0,0,1
555,36,40,1,0,1,0,1,0,0,0,0,0,0,0,0,0,1,0,0,0,0,1
6580,25,38,0,0,0,0,1,0,0,0,0,0,1,0,0,0,0,0,0,0,0,0
24419,65,80,1,1,0,0,0,0,1,0,0,0,0,0,1,0,0,1,0,0,0,0
16413,56,65,1,0,1,0,1,0,0,0,1,0,0,0,0,0,0,0,1,0,0,0
7741,67,20,0,0,0,0,0,0,0,1,0,0,0,0,0,1,0,0,0,0,1,0
23198,44,40,1,0,1,0,0,0,0,0,0,0,1,0,0,0,0,0,0,0,0,0
2228,25,60,1,0,1,0,1,0,0,0,0,0,0,0,0,0,1,0,0,0,0,0
18328,40,40,0,0,1,0,1,0,0,0,0,0,1,0,0,0,0,0,0,0,0,0
14706,52,40,1,0,1,0,1,0,0,0,0,0,1,0,0,0,0,0,0,0,0,0
11642,40,40,0,0,0,0,1,0,0,0,0,0,1,0,0,0,0,0,0,0,0,1
21379,49,35,0,0,1,0,0,0,0,0,0,0,0,0,0,0,1,0,0,0,1,0
18887,43,60,1,0,1,0,0,1,0,0,1,0,0,0,0,0,0,0,0,0,0,1
6976,38,43,0,0,1,0,0,0,0,0,0,0,0,0,0,0,1,0,0,0,0,1
18984,40,50,1,0,1,0,1,0,0,0,0,0,0,0,0,0,0,0,0,0,0,1
17117,50,40,1,0,1,0,1,0,0,0,0,0,1,0,0,0,0,0,0,0,1,0
4559,41,50,0,0,1,0,1,0,0,0,0,0,1,0,0,0,0,0,0,1,0,0
11985,34,40,0,0,1,0,1,0,0,0,0,0,0,0,0,0,1,0,0,0,0,0
11079,46,60,1,0,1,0,1,0,0,0,0,1,0,0,0,0,0,0,1,0,0,0
16976,46,44,1,0,0,0,1,0,0,0,0,0,0,0,0,0,0,0,0,0,0,1
11685,68,35,1,0,1,0,0,0,0,1,1,0,0,0,0,0,0,0,0,1,0,0
3260,42,40,1,0,1,0,1,0,0,0,0,0,0,0,0,0,1,0,0,0,0,0
8011,45,40,1,0,1,0,1,0,0,0,1,0,0,0,0,0,0,0,0,0,0,1
19282,34,45,0,0,1,0,0,0,1,0,1,0,0,0,0,0,0,0,1,0,0,0
2081,36,50,0,0,0,1,1,0,0,0,1,0,0,0,0,0,0,0,0,0,0,0
11323,29,40,0,0,1,0,1,0,0,0,0,0,0,0,0,0,0,0,0,0,0,0
2714,40,50,1,0,1,0,1,0,0,0,0,0,0,0,0,0,0,0,0,0,0,1
16357,53,40,0,1,0,0,0,0,0,0,0,0,1,0,0,0,0,1,0,0,0,0
16823,37,40,1,0,1,0,1,0,0,0,1,0,0,0,0,0,0,0,0,1,0,0
9018,51,45,1,0,1,0,1,0,0,0,0,0,1,0,0,0,0,0,0,0,0,0
15802,32,40,1,0,1,0,1,0,0,0,1,0,0,0,0,0,0,0,0,0,0,1
24587,36,40,0,0,1,0,1,0,0,0,0,0,0,0,0,0,0,0,0,0,0,0
11094,17,20,0,1,0,0,0,0,1,0,0,0,0,0,0,1,0,1,0,0,0,0
8361,27,40,1,0,1,0,1,0,0,0,0,0,0,0,0,0,1,0,1,0,0,0
18545,30,40,0,0,1,0,0,1,0,0,0,0,1,0,0,0,0,0,0,0,0,1
8694,23,40,0,1,0,0,0,0,1,0,0,0,0,0,0,0,1,1,0,0,0,0
22501,44,50,1,0,1,0,1,0,0,0,1,0,0,0,0,0,0,0,0,0,0,1
3276,53,40,1,0,1,0,1,0,0,0,1,0,0,0,0,0,0,0,1,0,0,0
15074,59,50,1,0,1,0,1,0,0,0,0,1,0,0,0,0,0,0,1,0,0,0
23530,32,40,0,0,0,0,1,0,0,0,0,0,1,0,0,0,0,0,0,0,1,0
21854,59,60,1,0,1,0,1,0,0,0,0,1,0,0,0,0,0,0,1,0,0,0
25076,53,40,1,0,0,0,1,0,0,0,0,0,0,1,0,0,0,0,1,0,0,0
8983,21,70,0,0,1,0,0,0,1,0,0,0,0,0,0,0,1,0,0,0,0,0
10718,28,65,1,0,0,0,1,0,0,0,1,0,0,0,0,0,0,0,0,0,0,0
21698,59,50,1,0,0,1,0,0,0,1,0,0,0,0,0,1,0,0,0,0,0,1
20528,42,40,1,0,1,0,1,0,0,0,0,0,0,1,0,0,0,0,1,0,0,0
6037,48,60,1,0,0,1,1,0,0,0,1,0,0,0,0,0,0,0,0,0,0,1
24426,66,25,1,0,0,1,1,0,0,0,0,0,0,0,1,0,0,0,1,0,0,0
7345,29,40,0,0,1,0,1,0,0,0,0,0,0,0,0,1,0,0,0,0,0,0
9363,28,30,0,0,1,0,0,0,1,0,0,0,0,0,0,1,0,0,0,0,1,0
22079,53,45,1,0,1,0,1,0,0,0,0,0,0,0,0,0,1,0,0,0,0,0
25560,43,40,0,0,0,1,1,0,0,0,0,0,1,0,0,0,0,0,0,0,0,0
15776,28,60,1,0,1,0,0,0,1,0,0,1,0,0,0,0,0,0,1,0,0,0
1781,60,40,0,0,1,0,1,0,0,0,0,0,1,0,0,0,0,0,0,0,0,0
1940,34,40,0,0,1,0,0,0,1,0,0,0,0,0,0,0,1,0,0,0,1,0
4348,47,60,1,0,0,0,1,0,0,0,1,0,0,0,0,0,0,0,1,0,0,0
15337,34,40,0,0,1,0,0,1,0,0,0,0,1,0,0,0,0,0,0,0,0,1
18062,41,40,0,0,1,0,1,0,0,0,0,0,1,0,0,0,0,0,0,0,1,0
3188,33,37,1,0,1,0,1,0,0,0,0,0,0,1,0,0,0,0,1,0,0,0
2661,41,60,1,0,0,1,1,0,0,0,1,0,0,0,0,0,0,0,0,1,0,0
14793,42,60,1,0,1,0,1,0,0,0,0,0,0,0,0,0,0,0,0,0,0,1
19529,42,40,0,0,1,0,1,0,0,0,0,1,0,0,0,0,0,0,1,0,0,0
12057,52,40,1,0,1,0,1,0,0,0,1,0,0,0,0,0,0,0,1,0,0,0
3903,31,40,0,0,1,0,1,0,0,0,0,0,0,0,0,0,1,0,0,0,0,0
18445,46,48,0,0,1,0,1,0,0,0,1,0,0,0,0,0,0,0,0,1,0,0
9124,29,40,1,0,0,0,1,0,0,0,0,0,0,0,0,0,1,0,0,0,1,0
24934,52,40,1,0,1,0,1,0,0,0,1,0,0,0,0,0,0,0,1,0,0,0
18102,50,50,1,0,1,0,1,0,0,0,0,0,0,0,0,0,0,0,0,0,0,0
67,18,4,0,1,0,0,0,0,1,0,0,0,0,0,0,0,1,1,0,0,0,0
20878,51,57,1,0,0,0,1,0,0,0,0,0,1,0,0,0,0,0,0,0,0,1
2132,52,40,1,0,1,0,1,0,0,0,1,0,0,0,0,0,0,0,0,0,0,1
25523,25,40,1,0,1,0,1,0,0,0,1,0,0,0,0,0,0,0,0,0,1,0
